abarda,33.779214,10.768174
abbah qusur,35.94388,8.827776
abbas,33.896502,8.135551
abd er rahmane,36.15,10.25
abes,33.881457,10.098196
abzeg,35.028055,10.960506
ad dabdabah,33.872473,9.797324
ad dakhilah,36.866667,9.7
ad damus,35.666667,10.766667
ad damus,36.753309,10.730568
ad dulab,35.4,8.9
ad duwayrat,32.856505,10.288847
adeloun,33.766667,10.783333
adh dhahibat,32.007992,10.701353
adjim,33.726378,10.75664
adlet touila,35.067778,9.784722
africa,35.504722,11.062222
agareb,34.740585,10.525266
aggarset nepte,33.873094,7.877652
aghir,33.762624,11.008565
ahmad al hakim,36.633333,8.566667
ahmad bin ali,36.533333,8.816944
ahmed zid,36.633056,10.283611
ailet jridani,35.100506,10.034247
ain bou seba,36.278889,8.450833
ain cherichera,35.637222,9.815
ain djelloula,35.799716,9.804772
ain draham,36.778729,8.687346
aine el asker,36.574861,9.993523
aine faroua,37.195556,9.765
ain el mouia,36.253351,8.90632
aine radouane,33.733228,9.237405
aine sellam,36.801327,9.101948
aine zigzaou,33.734544,9.216377
ain krannguet sour,35.877778,8.657778
ain mestour,35.901763,9.626543
ain moulares,34.488799,8.268744
ain sahalin,35.751663,10.711088
ain saidana,33.756511,9.304227
ain sayada,35.611389,9.393333
akkudah,35.869104,10.565302
al abadiliyah,35.139898,9.853159
al abbasiyah,34.719617,11.241248
al achem,35.485038,10.673224
al agraine,35.948056,9.604167
al akhawat,36.276917,9.238226
al akhawayn,36.564508,10.512544
al akwash,35.503611,11.047222
al ala,35.61384,9.562563
al alandayah,33.435704,11.077887
al alim,35.908386,10.058073
al aliyah,37.169105,10.034777
al alqamah,35.616667,10.883333
alaqimah,33.866667,7.883333
al arusah,36.383333,9.45
al aswad,36.665556,10.0475
al ataya,34.74538,11.295649
al attar,36.731944,10.071667
al ayayishah,34.317482,9.265349
al ayn,34.8,10.783333
al azib,37.208889,9.947778
al bakakishah,36.833333,10.65
al baqalitah,35.617387,10.994662
al barawikah,33.5,10.116667
al batan,36.803676,9.844244
al bayyaz,33.7,8.983333
al bazimah,33.665833,9.011667
al birin,36.718611,10.111944
al borma,31.691721,9.206198
al buhayrah,35.333333,11
al bulaydah,36.016667,10.033333
al burayj,36.804546,10.60417
al burjayn,35.662772,10.578307
al bustan,36.8,10.166667
al fahs,36.374188,9.906513
al fajjah,36.679722,9.981389
al fawwar,33.354242,8.674346
al fihri,36.462471,10.752215
al firnanah,36.655468,8.696019
al funduq al jadid,36.666682,10.447566
al ghazal,34.573968,9.572452
al ghurayyibah,34.49555,10.211132
al graa,35.583333,10.866667
al haddadah,33.780543,11.047779
al hafsah,33.516513,9.974062
al hafsi,35.5275,11.039444
al hajj as saghir,36.003136,10.117799
al hajj umar,36.489741,8.815466
al hamadah,35.75,10.7
al hammah,33.891524,9.796286
al hammamat,36.4,10.616667
al hanashah,35.122259,10.742188
al harah al kabirah,33.866667,10.866667
al harah as saghirah,33.820628,10.853944
al haraiq,35.793154,9.201111
al hawmat,35.965278,10.029444
al hayara,35.442872,8.810523
al hazim,33.783333,10.933333
al hushayshinah,34.421884,10.183728
al huwariyah,37.050021,11.01442
ali ben ez zine,36.503282,8.519203
ali lazreg,34.726389,10.321389
al irq,34.016667,8.183333
al jabal al abyad,36.983333,9.083333
al jabbas,36.89,10.080278
al jadidah,36.55,10.533333
al jamah,36.113692,9.286582
al jamm,35.3,10.716667
al janain,31.730326,10.147381
al jawawidah,35.5,10.916667
al jazirah,33.772778,8.864722
al jubaybinah,36.116667,10.1
al judayyidah,36.831111,9.924167
al jurf,33.695604,10.734385
al kaf,36.174239,8.704863
al kallabin,34.708815,11.214701
al kanais,35.677302,10.505924
al karashiwah,33.769419,10.877197
al karashiwah,32.816667,10.566667
al karib,36.328023,9.136128
al karm,36.833333,10.316667
al katif,35.633333,9.45
al-kayrawan,35.678102,10.096333
al khadriyah,35.43,10.103333
al khalij,36.459668,8.803092
al kharaib,34.778409,11.252297
al khawi,33.733829,10.840967
al khirbah,33.516667,10.1
al khulaydiyah,36.646086,10.193431
al khuraybah,36.670348,8.922669
al khuraybah,34.983082,10.896044
al lawatah,35.052778,11.003056
al lawzah,35.029146,11.002842
allouet el gounna,33.139467,11.463602
al madilah,34.251013,8.74704
al madinah,36.8,10.183333
al maghmumah,33.570743,8.884679
al mahadhibah,36.025,10.461389
al mahras,34.5275,10.500833
al mai,33.801194,10.88383
al maiyah,33.95797,10.013644
al majlis,36.942853,8.984044
al makhalif,36.042077,10.175671
al makhzan,36.866667,10.733333
al malasin,36.798333,10.160556
al mamurah,36.464989,10.806125
al manarah,35.697731,10.781591
al manarah,33.85,10.1
al mansurah,33.726111,8.938611
al manubiyah,36.784444,10.168333
al manzil,35.959444,9.085278
al maqarisah,33.816818,10.992304
al marirah,36.718771,10.159075
al marsa,36.834668,11.094661
al marsa,33.2,11.216667
al marsa,36.881897,10.334023
al masadin,35.764444,10.596944
al masdur,35.682056,10.727464
al mashraf,35.910278,9.1225
al matamir,33.37123,10.437819
al matlin,37.244439,10.050856
al matwiyah,33.959175,9.99619
al mawajin,36.499444,8.265
al mayyitah,33.866667,10.066667
al mazarah,36.716667,9.166667
al mazzunah,34.577575,9.841932
al medou,33.806912,10.067667
al metlaoui,34.320807,8.401575
al midah,36.725556,10.855278
al miknasi,34.604328,9.608153
al minshar,36.729673,9.314233
al misarah,35.383333,10.783333
al mstiri,36.692222,10.0825
al muallaqah,36.866667,10.316667
al muhammadiyah,36.674457,10.156332
al muknin,35.633333,10.9
al munastir,35.783333,10.833333
al munayhilah,36.85732,10.115809
al murnaqiyah,36.758982,10.017044
al qalah al kabirah,35.872778,10.537222
al qalah,33.484848,9.006778
al qalah as saghirah,35.822436,10.55739
al qannarah,35.695023,8.688565
al qantarah,33.681354,10.91685
al qarmadah,34.75,10.783333
al qasr al jadid,33.301787,10.29524
al qasr al jadid,32.683333,10.9
al qasr,33.896872,9.784158
al qasr,34.399196,8.803992
al qasr as said,36.813056,10.123889
al qasrayn,35.167578,8.836506
al qattar,34.336284,8.949642
al qaytanah,33.925388,8.12663
al qulayah,33.775515,8.853742
al qusur,35.896067,8.884929
al umran,36.816667,10.166667
al urqub,33.55,10.05
al uwaynah,33.453294,9.0439
al uwaynah,36.848056,10.256389
al uwaynah raja,33.322203,8.827024
al wardanin,35.709153,10.673972
al waslatiyah,35.847778,9.589444
al widyan,36.791944,10.851389
al wusfan,36.100905,10.094652
amara ben sliman,35.608333,10.234722
amdoun,36.767666,9.088944
andalouses,37.286985,9.870036
an naffatiyah,33.238857,10.869902
an nafidah,36.135278,10.380833
an naghamishah,36.533798,8.792703
an nahl,33.888195,10.072947
an namlat,33.992697,8.15758
aoudsja,37.140618,10.102191
aouru,33.783333,10.833333
aram,33.583603,10.322053
argoub mechtat,36.579167,8.418056
ariana,36.860117,10.193371
arkou,33.781909,11.010204
arlet en najaa,35.252778,10.085833
armand-colin,36.55452,9.944491
ar rabitah,36.805,10.157778
ar rahmat,33.643859,8.99905
ar rajish,35.466647,11.038485
ar ramlah,34.710833,11.194444
ar raml,35.516667,11.05
ar rawdah,35.5,11.05
ar rawhiyah,35.651288,9.053057
ar rejdane,36.933333,8.966667
ar rijal al aroua,35.516667,10.9
ar riqab,34.859318,9.786543
ar rudayyif,34.382697,8.155486
ash shababiyah,33.766667,10.983333
ash shabbah,35.237222,11.115
ash sharqi,34.754569,11.246999
ash shawaribiyah,35.9075,9.141667
ash shawariniyah,35.962222,9.143611
ash shawashiniyah,35.816667,8.9
ash shuwayqi,36.879468,9.803752
as sabalah,36.915,10.105556
as sahili,35.766849,10.299811
as saidah,36.828299,9.969627
as saluqiyah,36.580449,9.512399
as sanad,34.462803,9.264036
as saqalibah,36.794632,10.973427
as sars,36.076397,9.021175
as sawda,35.101072,9.534462
as sawmaah,36.54364,10.78065
as sawwaf,36.227931,10.171475
as sayyadah,35.668866,10.892465
as segala,33.8,10.916667
as sijumi,36.755833,10.118333
as subaykhah,35.933251,10.02081
as sukhayrah,34.299198,10.069988
as sunduq,35.096768,9.478356
at tarabulusiyah,35.965278,10.249444
awlad al abid,35.979423,10.261406
awlad al qasim,34.685556,11.166389
awlad ar rawajih,35.965,10.164722
awlad bu ali,34.701809,11.19616
awlad bu hadda,35.956111,9.049722
awlad majid,33.997397,8.237407
awlad marzuq,35.766667,8.966667
awlad umar,33.836615,10.972673
awlad yaniq,34.671272,11.139178
azib al muruq,36.536389,8.297778
az zahruni,36.789444,10.111111
az zaqanah,35.489167,11.045
az zaramidin,35.575255,10.734558
az zarat,33.666553,10.34896
az zaribah,33.474885,10.033666
az zawawin,37.128472,10.057342
az zawilah,35.500556,11.060556
azzedine,34.733333,9.666667
az zuwarah,36.135584,10.119409
az zuwarin,36.016667,8.916667
az zuwaytinah,36.85,9.883333
bab alleoua,36.791111,10.186667
bab al qurjani,36.786944,10.168056
bab as suwayqah,36.816667,10.183333
bab bou saadoun,36.809722,10.165
bab khadra,36.809722,10.176111
babouch,36.816667,8.666667
bab sidi kassem,36.793611,10.161111
bajah,36.725638,9.181692
balli,36.56924,10.55397
balta,36.708347,8.942167
banbalah,35.7,10.8
bani ata,37.230334,10.07957
bani ayshun,36.57587,10.841571
bani barkah,32.892231,10.442976
bani dinhet,33.816667,10.85
bani hassan,35.567196,10.808689
bani hazaz,36.873056,10.891111
bani isa,33.606936,9.895072
bani khaddash,33.252795,10.198834
bani khallad,36.650377,10.590041
bani khezer,32.85,10.566667
bani khiyar,36.469167,10.782222
bani kulthum,35.701495,10.58901
bani seggane,33.583333,9.966667
bani zaltan,33.545977,10.098165
bannan,35.674156,10.835888
banzart,37.274423,9.87391
baradah,36.738611,10.0025
bardaw,36.738492,9.175692
bardaw,36.809167,10.140556
barghouthla,33.603902,8.913485
barkouk,33.850803,10.851912
barquq,33.416667,10.133333
bashatir,37.306758,9.743429
bchelli,33.615179,8.915846
beau site,36.833611,10.164444
bechri,33.791292,8.773881
bejaoua,36.836111,10.013611
belgica,34.705556,10.581389
bel houl,34.773056,10.381944
bellevue,36.777222,10.1925
belvedere,36.824722,10.186389
ben arous,36.753056,10.218889
ben bachir,36.570556,8.8575
ben djarou,35.91063,8.939975
ben fetaiel,33.55,11.116667
ben gardan,33.13783,11.219649
ben hamid,35.583333,10.9
ben khirat,36.008056,10.353333
ben metir,36.754444,8.751389
ben rhilouf,33.881128,9.618576
ben romdane,35.171667,10.227222
ben-saidane,36.256667,9.957222
berouari,34.9225,8.869444
biar mafa,35.150961,10.847109
bidane,36.167222,10.353333
bijouville,37.27323,9.852735
bilad al hadar,33.916667,8.133333
bir al hufayy,34.932116,9.193206
bir ali ben khalifa,34.73592,10.092398
bir al kudayyat,36.577979,8.816632
bir al malluli,34.857531,10.552648
bir al mashariqah,36.518147,9.957918
bir al qasah,36.734722,10.21
bir at tayyib,35.652493,10.694631
bir-bou-reckba,36.434824,10.565897
bir chaaba,35.066667,10.75
bir-chadouf,36.45,10.716667
bir ech chebbou,35.340643,8.58707
bir el bey,36.033333,10.305278
bir halima,36.397593,10.044839
bir khalifah,35.958056,9.171667
bir marwah,36.792162,10.628058
bir morra,32.815266,11.09298
bir tabeug,35.050177,10.510072
bir zar,31.467222,10.129167
bit bou saa,35.128124,9.452712
blidet,33.578439,8.841038
blidet el meguedmine,32.876668,10.416331
bodeur,35.666667,10.833333
bordj aalouine,36.688889,9.888333
bordj adj ali,37.000278,10.092778
bordj ali ben rdjeb,36.104102,9.505725
bordj arif termeus,35.500278,11.035833
bordj bach mamlouk,36.620833,9.988333
bordj ben chelbi,37.008611,9.771389
bordj ben reguiga,34.821389,10.487222
bordj bou er rmada,36.383333,10.033333
bordj bou ficha,36.300315,10.454801
bordj cedria-potinville,36.694856,10.386299
bordj chakir,36.758333,10.078333
bordj ech cheikh belkassem,36.95,9.316667
bordje frendj,36.690779,9.810006
bordj el amri,36.702778,9.887778
bordj el bey,36.84,10.911389
bordj el hadj brahim,35.833333,8.6
bordj el hadj braik,34.904704,10.881407
bordj el hadj mohammed,35.583333,8.766667
bordj el hafsia,36.731944,9.9275
bordj el handousse,35.512222,11.052222
bordj el kherba,37.058056,9.759722
bordj el meragueb,34.731667,10.468333
bordj el touil,36.933333,10.143889
bordj et teurki,36.661111,9.969167
bordj et tourki,36.125056,8.712114
bordj flifel,36.19883,9.666219
bordj fouaoud,36.587778,10.165833
bordj gourbala,34.272778,8.548889
bordj ktori,34.666667,10.716667
bordj maajen bel abbes,34.750103,8.519761
bordj mohammed el hadj ali,34.715556,10.397778
bordj mohammed el madjiri,34.720833,10.396667
bordj oulad lara,36.8375,10.3225
bordj sidi toui,32.726341,11.369408
bordj tahar,36.5,9.266667
bordj turki,36.871944,10.167222
borj abd allah ferhatt,35.245,11.091667
borj ali ben sil,37.091111,9.756667
borj amera trabesse,36.980278,9.812222
borj ben aouali,37.029722,9.829722
borj bou khail,36.673889,9.944444
borj ech chouchana,37.021923,9.63751
borj el habib,36.872222,9.800278
borj el hadj salah,37.096389,9.762222
borj el hatat,37.1225,9.86
borj el khessous,36.958611,10.195556
borj el khoudja,36.920833,10.076111
borj ennbaza,36.650278,10.245
borj graba,36.671111,9.961944
borj hadida,36.917222,9.8725
borj mahdjouba,36.971389,9.761389
borj mechehed salah,32.191509,10.993
borj ouichka,37.036111,9.889444
bou abdallah,35.850278,9.427778
bou aleg,36.851171,10.85133
bou alem,34.566667,8.95
bou arada,36.352509,9.621751
bou arkoub,36.538528,10.550929
bou atouch,33.9,9.766667
bou bellel,34.433333,9.283333
bou cebah,33.615635,9.923823
bou chebka,35.168957,8.429361
bou chema,33.902476,10.059761
bou chlaga,36.546667,10.188333
bou djafer,35.835,10.64
bou djelida,36.415738,9.504934
bou djerga,36.716389,10.264722
bou el azhar,36.681586,10.817198
boughrara,33.538445,10.676188
bou grad,34.608611,8.871389
bou hadjar,35.683333,10.866667
bou hamed,33.303333,10.737778
bou hamram,34.360639,9.106229
boukrim,36.922223,10.93361
bou merdas,35.457159,10.728095
bou rebia,35.674813,10.573141
bou regba,36.749722,10.058889
bourguiba,37.153684,9.785945
bou saadia,36.049847,9.639392
bou salem,36.607323,8.96981
bou thadi,35.098737,10.270528
braina,34.720556,10.340278
bulla reggia,36.556961,8.745379
camp de la sante,36.733333,8.683333
camp de sidi el hani,35.671389,10.315833
camp de souk el djemaa,35.874386,9.145164
camp du zarour,37.114177,9.739329
camp serviere,36.646389,10.442778
capsa,34.425,8.784167
carthage,36.846009,10.319975
cebala-du-mornag,36.679313,10.291951
cedada,34.017715,8.27111
chaba remada,36.510431,10.803719
chabbia,33.913157,8.112305
chabet smala,33.509357,9.999569
chahbania,33.253455,10.837418
chalbi,36.565681,8.903857
chaouach,36.71167,9.540812
chaouat,36.889284,9.945123
chara bou krim,36.939167,10.923889
charpin ville,35.735,8.274444
chassart-teffaha,36.714491,9.606388
chebbaou,36.841549,10.038279
chebchoub,34.762778,10.365556
chebika,34.319087,7.935188
cheguimi,33.38978,10.134766
cheikh birm,37.166389,9.956944
cheikh hamed,35.968212,9.976724
chekanes,35.783333,10.8
chemlali,33.614319,9.877275
chemtou ance,36.483333,8.583333
chenenni,33.878614,10.061805
chenini,32.911755,10.261937
cheylus,36.557222,10.06
chorbane,35.285813,10.3858
cite lescure,36.773611,10.223889
cite ouvriere,36.146738,10.350619
clupea,36.847569,11.093862
cremieuxville,36.838889,10.172778
creteville,36.662258,10.326897
crich el oued,36.6782,9.665868
dababishah,33.794548,8.754161
daghagba,32.833333,10.466667
dagla,36.953056,10.830556
dai zina,36.389444,10.446667
damous el laya,36.763889,10.005833
daour amar ben ali saidani,37.245023,9.565602
daour haoussene,37.24295,9.606356
dar abd al aziz,35.521716,8.835099
dar abdallah bel hadj,37.053889,9.494722
dar abdallah ben talef,36.898056,10.932222
dar ahmed ben hadj yahia,36.936944,10.945833
dar ahmed ben keani,36.909444,10.887222
dar ahmed mohammed ed derouich,36.866667,10.878333
dar ahmed mohammed largueb,35.266944,9.645556
dar ahmed msakni,36.844374,10.837697
dar al arusi,36.112222,10.291667
dar al bay,36.766667,9.45
dar al fallah,35.161389,9.991667
dar al hajj ali bin sulayman,36.05,9.316667
dar al hajj hasan,35.683333,10.683333
dar al hajj salih bin mubarak,35.652866,8.724725
dar al hajj yusuf,36.373889,9.875556
dar ali ben baziz,34.758771,10.528873
dar ali ben bouzid,35.353406,9.676222
dar ali ben hamidou,37.289233,9.621145
dar ali ben hassene,35.5,10.7
dar ali ben mohammed,35.1325,10.006667
dar ali bey,35.683083,9.907649
dar al jalalibah,35.719377,9.493649
dar al jundi,36.8,10.666667
dar al misratiyah,36.671667,10.464444
dar al muadhdhin bin qasim,35.694167,9.846944
dar al qabisi,36.75,9.716667
dar al widyan,36.79778,10.868273
dar ameur,35.388889,9.571389
dar amor ben rammah,35.167982,9.991537
dar amor cherina,37.233333,9.666667
dar amrous,36.816667,9.5
dar ash shawush abd allah,35.909444,10.466389
dar at talib hasan,36.929722,10.979167
dar at tuwaybiyah,35.321667,10.203889
dar awlad al murabit,36.075833,10.293056
dar awlad khalifah,35.35,8.616667
dar awlad sidi farhat,35.956667,10.068889
dar azdine,34.655704,11.090086
dar bach hamba,36.48,9.784722
dar bach mufti,35.650556,10.139722
dar bagara,35.326111,9.7275
dar bel gacem,36.933333,10.033333
dar belkassem ben hadj naceur,35.283056,9.540556
dar bel kassem bou ktel,35.310278,10.139167
dar ben amar,36.924444,10.855833
dar ben el ouaar,34.807778,10.546389
dar beni amar,36.872222,10.919167
dar ben mbarek,34.801022,10.539701
dar ben nehar,34.793093,10.544749
dar ben slimane,36.617778,10.876667
dar ben zallout,36.684303,10.788153
dar bir soula,37.069819,9.790662
dar bou agine,36.671389,10.800278
dar bou diya,36.866667,10.25
dar bou guedaoui,36.9375,10.839444
dar bou guetaia,36.271866,9.003014
dar bou habib,36.878889,10.855556
dar bou khelif,36.879722,10.883889
dar bou sain,36.516667,10.6
dar bou zeraia,37.214535,9.576044
dar bou zid,35.833333,8.466667
dar brahim ben assassa,36.933056,10.839167
dar brahim ben kahia,35.381111,10.221111
dar brahim ben nasser,36.930278,10.893056
dar brinissa,35.458468,9.520622
dar-chaabane,36.467981,10.751674
dar chaouch ali ben khalifa,36.145833,9.976111
dar chaouch ali,36.844722,10.918889
dar cheikh ahmed,35.576407,9.306763
dar cheikh ali,36.3325,9.781111
dar djeziri,36.88,10.275833
dar dred,36.885833,10.805833
dar ech chambi,35.87547,8.935317
dar ech cheikh amor ben ali,37.026389,9.394167
dar ech cheikr ali,35.674516,9.979551
dar el allani,35.730257,10.046185
dar el beida,36.890833,10.003611
dar el beil,36.031944,9.794722
dar el bey,36.8125,10.304444
dar el bich,36.786667,10.933056
dar el caid,35.869444,10.5925
dar el cheikh kilani,37.129193,9.520159
dar el frinine,36.573238,10.666729
dar el gouadria,34.970556,10.642222
dar el guedidi,36.876389,10.843056
dar el hadj ahmed,36.504468,8.906102
dar el hadj ahmed,36.301389,9.916944
dar el hadj ahmed souid,36.878056,10.316111
dar el hadj aleya,36.931944,10.863889
dar el hadj ali,36.923056,10.823889
dar el hadj amara,35.926111,10.375833
dar el hadj daoui,36.870556,10.925278
dar el hadj mabrouk,35.674794,9.910417
dar el hadj mohammed mallak,34.780556,10.783611
dar el hadjri,36.894444,10.803611
dar el hadj taieb,34.784444,10.743889
dar el haoui,36.8575,10.846389
dar el jilani,37.000556,10.999444
dar el kharaz,36.678887,10.759758
dar el koudia,37.289252,9.859588
dar el madani,34.822222,10.675556
dar el mahameri,36.883889,10.9275
dar el matia,36.937222,10.963333
dar el mouldi,36.877778,10.828056
dar el mzali,36.839167,10.938333
dar el ouahichi,34.813611,10.525278
dar el ouzir,36.8775,10.330278
dar el tehami,34.973907,10.589283
dar er rebia,36.325556,9.785
dar er reml,36.834194,10.946537
dar es saadi,34.912023,10.659742
dar es srahia,35.934929,10.104525
dar et talerzat,36.638611,10.351667
dar ez zogb el ouafi,37.121699,10.161718
dar farikat,35.319265,8.584733
dar grim el oussit,36.9325,10.892778
dar hadj ahmed ben ameur,35.665639,9.966647
dar hadj en nour,36.858611,10.888056
dar hadj salah,35.666667,10.410556
dar halfaoui,36.734463,9.72787
dar hamad djedidi,36.430278,10.475278
dar harcha,35.308153,9.732369
dar hasan al murabit,36.966667,9.466667
dar hasan zegoulli,36.661274,10.79052
dar hassen ben bel kassem,35.273889,10.199444
dar hassene ech chemiki,37.293532,9.655168
dar hassine ben ameur,36.779722,10.853889
dar jdida,36.913611,10.874167
dar karaeche,36.764444,10.914444
dar khaled,36.060833,10.313611
dar khalifa ben hassene,36.887222,10.899167
dar krarrata,37.204167,9.607778
dar ladjimi,35.671111,9.7225
dar mallul,36.905833,10.953333
dar mannsour bou amara,35.210556,9.913056
dar marrouch,35.7,8.433333
dar merazguia,37.198773,9.597116
dar mimoun bey,36.874722,10.341111
dar mohamed bel hadj ali,35.533246,8.876364
dar mohammed bel hadj,37.051944,9.472222
dar mohammed ben abdallah,36.141478,10.020184
dar mohammed ben ahmed,36.945,10.955556
dar mohammed ben hazaz,36.8725,10.854722
dar mohammed ben mabrouk,36.988611,10.979722
dar mohammed ben messaoud,36.716667,9.75
dar mohammed salah,34.859205,10.750784
dar naheli,36.893056,10.131667
darnayah,35.129919,8.462199
dar noureddine,36.848319,10.942707
dar olad el hadj alib abdallah,34.97353,10.813327
dar oulad daoued,36.788985,10.851017
dar oulad otsmane,36.925556,10.827778
dar ramel,37.292895,9.614496
dar retba,36.439444,10.48
dar safi,36.885278,10.965
dar salah bene saad,37.205746,9.600212
dar salah ben zaroug,35.632222,10.103333
dar salah bou el fellah,35.996111,9.703889
dar sbiaete,35.850147,8.59285
dar sialah,35.156111,9.906389
dar sidi al azhar,35.766667,8.85
dar sidi attik,36.724492,10.859651
dar sidi el gani,36.901389,10.948056
dar sidi el moudjad,37.29697,9.565727
dar sidi mhamed ech cherif,36.888333,10.318056
dar soudane,36.813455,10.824841
dar souid,32.8,10.366667
dar tahar zaouch,36.880278,10.320833
dar taieb bou abd el slam,35.240978,9.369436
dar taleb mohammed,36.662744,10.806425
dar titi,35.634167,10.379444
dashrat al aouach,36.033333,9.216667
dashrat al ararah,36.316667,9.333333
dashrat al bahirine,36.033333,9.6
dashrat al fuqrah,36.034235,9.612836
dashrat al ghamiliyah,35.944444,9.523611
dashrat al ghar,36.05,9.65
dashrat al hadaya,35.473737,9.694737
dashrat al kramet,36.316667,9.316667
dashrat al oucelti,36.195129,9.507003
dashrat al qanburah,35.895278,9.5425
dashrat al qannarah,35.97781,9.54421
dashrat al qaryah,35.757401,9.464176
dashrat al qulayah,35.919974,9.576349
dashrat al waslatiyah,35.956111,9.271944
dashrat an nechad,36.035981,9.607226
dashrat as sarduk,35.949167,9.761944
dashrat at tawamah,35.909167,9.553056
dashrat awlad isawi,35.647222,9.595278
dashrat awlad muhammad bin said,35.651846,8.604026
dashrat az zaribah,35.933611,9.513056
dashrat ballutah,36.046833,9.620736
dashrat bin abd allah,35.802778,9.465556
dashrat bu dabbus,35.906718,9.810239
dashrat bu sabioun,35.944167,9.509167
dashrat bu tays,36.116667,9.65
dashrat chetlou,36.416667,9.383333
dashrat janwah,35.848053,9.507383
dashrat kaf ash shami,36.866667,10.966667
dashrat mansurah,35.81573,9.479088
dashrat sefaieb,35.662222,9.105556
dashrat sidi hamadah,35.95896,9.54726
dashrat zawiyat sidi salih,35.157439,8.659713
dawalah,36.831592,10.612013
dawwar ad dahmani,37.095556,9.8075
dawwar ad dawawidah,35.731623,9.459835
dawwar ad duwaymis,37.201282,9.62922
dawwar ad duwayrah,37.07,9.851944
dawwar al adhla,35.390833,9.953889
dawwar al amamiriyah,35.799167,9.022778
dawwar al aouata,35.838333,8.998611
dawwar al arab,37.018611,9.451944
dawwar al azaizia,35.793782,8.839516
dawwar al barashiniyah,35.757611,8.726941
dawwar al bashir,37.233333,9.633333
dawwar al falitah,37.136845,9.583582
dawwar al farwah,37.212658,9.74798
dawwar al ghiran,37.325062,9.737739
dawwar al hadjerine,36.958611,10.016389
dawwar al hajj ahmad,36.35,8.85
dawwar al hajj ahmad,36.516667,10.4
dawwar al hajj mansur,36.561111,10.404444
dawwar al hajj wanis,35.672803,8.865443
dawwar al hammamji,36.816667,9.416667
dawwar al hofer,37.114167,9.970556
dawwar al huwayd,37.08518,9.985662
dawwar ali bin khulut,35.666297,8.800695
dawwar al jawawidah,37.149722,9.923611
dawwar al khaymah,37.155556,9.938611
dawwar al mabtuhah,36.965278,9.948611
dawwar al ma,33.383333,7.75
dawwar al majanin,36.3,9.633333
dawwar al malikat,34.965303,9.470263
dawwar al manarah,37.319593,9.691807
dawwar al qawadiriyah,35.75,8.983333
dawwar al qusayr,37.212082,9.562831
dawwar al waslatiyah,36.264432,9.321079
dawwar ar ruaynin,36.851944,10.905278
dawwar ash cheniti,37.221057,9.632388
dawwar ash shatayb,37.218889,9.672222
dawwar ash shatt,36.8475,10.321389
dawwar as sawalim,35.813611,9.146389
dawwar as sulah,37.202778,9.746389
dawwar at tallah,37.30376,9.763819
dawwar awlad abbas,35.375833,9.497222
dawwar awlad al hajj ahmad,36.503889,10.248889
dawwar awlad ali bin nasir,35.7,8.733333
dawwar awlad bu aziz,35.766667,9
dawwar awlad gana,35.78717,8.843384
dawwar awlad masud,35.738269,8.731141
dawwar awlad sidi abid,35.835043,8.388764
dawwar awlad zaytun,35.7675,9.034444
dawwar az zaribah,37.090717,10.149897
dawwar az zarqun,37.266667,9.75
dawwar bayud,35.633333,9.333333
dawwar bechouk,37.098623,9.58191
dawwar bed,36.795786,9.578493
dawwar bin mansur,37.297642,9.639636
dawwar bin misbah,37.286584,9.684972
dawwar bu al aid,37.040756,9.705275
dawwar bu nafil,35.963611,9.193611
dawwar cherfech,36.956389,10.045833
dawwar farrujah,37.205926,9.643469
dawwar ghar ouinkel,37.262068,9.631248
dawwar goungla,37.165556,9.765556
dawwar guerfdjana,36.933333,10.016667
dawwar hammadah,37.316667,9.666667
dawwar henna,36.866667,9.983333
dawwar jafar,37.233795,9.740292
dawwar jawwal,35.990033,9.129479
dawwar lezdine,36.946111,10.0075
dawwar manzil amir,36.908056,10.005
dawwar messeftine,37.0782,9.747556
dawwar mraf,37.101667,9.234167
dawwar muhammad bu al hajj bu al qasim,35.836234,8.371787
dawwar qamamisah,35.961915,8.762221
dawwar qarnatah,37.098611,9.999722
dawwar ras al ayn,35.983333,8.816667
dawwar shaib,35.758889,9.546944
dawwar sidi amir,37.240142,9.601068
dawwar sidi bu hanash,36.973611,10.131667
dawwar sidi muhammad bu al qurun,35.583333,8.916667
dawwar sidi salih bin husayn,36.9,8.683333
dawwar sidi uthman,36.95,9.916667
dawwar suq al ithnayn,37.051111,9.811944
dawwar tinjah,37.166667,9.75
dawwar unq al jamal,36.9,9.966667
dawwar uthman bin hasan,36.535556,10.4125
dawwar uwayn al hajjaj,36.73834,10.712259
dawwar yusuf bey,37.049167,9.805833
debdabat el jerardia,35.643611,9.539444
de carnieres,36.955833,9.992222
dechour marraoua,37.161667,9.943611
dechret jelelba,35.710278,9.4675
dechret majoura,34.660862,9.240717
degache,33.976056,8.208101
dekrnia,36.328193,9.197604
depienne,36.456763,10.025317
diar beni allah,35.505594,9.474226
diar-el-adjiaj,36.626944,10.861389
diar el amri,35.633333,8.566667
diar el hadi hassan,35.289444,11.054167
diar oulad hamouda,35.366667,11.033333
djafar,36.8875,10.195278
djama el guelloufi,33.616667,11.033333
djama er rih,36.41,8.919167
djara,33.885211,10.083245
djebaniana,35.034999,10.90809
djebarna,34.816667,10.472778
djebel djelloud,36.776389,10.205
djebel mdilla,34.287679,8.75051
djebel trozza,35.543082,9.582269
djedaid,33.724239,8.93697
djedak ali,34.977778,10.589722
djehim,33.910114,8.124395
djelidatt,32.911428,10.445144
djemal,35.622311,10.75696
djemil,37.23618,9.91448
djemma,33.577778,9.014722
djeradou,36.271467,10.327103
djerba,33.875764,10.857454
djerda,35.662592,8.585765
djerf el kanntara,33.633333,10.95
djerissa,35.845087,8.630278
djilma,35.273111,9.423849
djoua awlad sultan,35.827285,8.845842
djouaber,34.766667,11.25
douaidia,36.936359,8.797929
douane,36.447662,10.755701
douar abdallah,37.113482,9.654861
douar abd el kader,36.565,10.2475
douar adou,36.527778,10.291389
douar aifa,35.970278,9.240278
douar ain ghelal,37.113889,9.873333
douar aissa,35.916667,9.739167
douar ali ben ahmar,36.600556,10.281944
douar ali ben amara,37.086667,9.943056
douar ali ben msika,36.011389,8.848333
douar ali bou mesbah,35.936944,9.6925
douar ali bou said,35.301094,9.853036
douar ali el hadj amar,35.256667,10.149722
douar atouama,36.739167,8.788333
douar baya rassa,37.180556,9.761111
douar belghout,36.974167,9.833056
douar bel kassem ben amor,35.3,10.159167
douar ben amara,37.135833,9.969722
douar ben aouda,37.051944,9.889722
douar ben chelbi,37.003611,9.766944
douar ben diffalah,35.959722,9.114167
douar ben djouida,34.74101,10.382539
douar ben hamda ech chrif,36.991667,9.753889
douar ben hamouda el klia,37.120278,9.917222
douar beni oudzil,37.277269,9.661102
douar beni oussel,37.204977,9.717051
douar ben mahmoud,35.933889,9.115833
douar ben miled,36.578889,10.256667
douar ben nasseur,37.320996,9.742341
douar ben nour,37.194282,9.725095
douar ben rjeb,36.518333,10.363611
douar ben sadek,37.138611,9.962222
douar ben saidane,35.633889,9.571111
douar ben said,37.115278,9.949444
douar ben said,36.602222,10.356944
douar ben tiba,37.134444,9.963889
douar berna,37.079042,9.720201
douar besbessia,37.063056,9.9475
douar bessouf,36.973333,9.870556
douar bir abd el ghim,37.043056,9.790833
douar bou ali,35.161389,9.958611
douar bou beker,35.953333,9.733056
douar bou beker,36.589444,10.235278
douar bou chenina,37.022653,9.615797
douar bou daoudi,35.953333,9.686944
douar bou djourane,37.093611,9.8525
douar bou maa,36.758889,8.784722
douar bou mahres,36.061944,8.981667
douar bou rkane,37.103889,9.862222
douar bou said,36.538056,10.223333
douar boussari sghir,35.381111,9.935833
douar brahim ben rahal,37.148056,9.996111
douar brahim bou daoui,36.999167,10.959444
douar brahim el hamidi,34.741389,10.463611
douar charbi,36.999444,10.103333
douar cheikh ali,37.005833,9.804444
douar cheikh amar,36.866667,10.910556
douar chouli,35.890833,9.650278
douar dagma,36.937778,9.935
douar dar ammar,36.986389,10.026111
douar djeddaria,37.142778,9.945
douar djouf es sbiba,35.825278,9.006111
douar djoum es srhir,37.100833,9.880833
douar douahria,37.063923,9.22611
douar douimis,37.051632,9.984745
douar ech chaouia,37.198611,9.695278
douar ech charafia,36.105,8.996389
douar ech cherif,37.0775,9.685556
douar ech cherit,36.570833,10.324167
douar ed demane ez zaa,37.090833,9.910833
douar ej jenane,37.08492,9.66472
douar el abaida,35.669444,9.527778
douar el abd bou debous,35.934722,9.148056
douar el agha,37.114444,9.986944
douar el aich ben hamza,37.292356,9.59711
douar el aouachia,37.1375,9.998333
douar el arianout,37.092222,9.798611
douar el assafir,37.040721,9.743808
douar el ayad,36.537222,10.432778
douar el bachir,37.009722,9.859167
douar el bahira,35.301389,10.133611
douar el bakhia,37.023215,9.557539
douar el beida,37.058611,9.879444
douar el bezazia,36.994722,10.0325
douar el bheira,36.571111,8.403333
douar el blate,37.077732,9.853884
douar el debabsa,35.966944,9.118056
douar el djedid,36.565,10.379444
douar el fedja,37.096667,9.930833
douar el fras,35.958889,9
douar el fratis,35.314722,9.445278
douar el gharba,35.928333,9.731111
douar el ghezel,36.536667,10.355278
douar el graya,37.280354,9.743575
douar el guelaia,35.373056,10.149444
douar el guessa,36.783333,9.815
douar el guezadri,37.044444,9.757222
douar el hadj ahmed,36.602222,10.278889
douar el hadj ayas,36.634167,10.434722
douar el hadj bou amra,37.081111,9.910833
douar el hadj dhahbi,36.001944,8.756111
douar el hadj djemaa,36.599722,10.272222
douar el hadj mohammed ben hassene,37.332778,9.731944
douar el hadj mohammed,37.295306,9.566959
douar el hadj mohammed,36.64,10.396667
douar el hadj mosbah,36.635278,10.351111
douar el hadj said,37.255172,9.619745
douar el hadj salah,36.490833,8.481389
douar el hadj salem bou kheiba,36.5986,10.790813
douar el hadj toumi,36.562222,10.425278
douar el hafey,36.883056,10.3375
douar el haim,36.702778,9.862778
douar el hassini,37.133896,9.577332
douar el helalif,37.123611,9.875
douar el kafia,36.051667,8.960278
douar el kechabta,37.090278,9.924167
douar el kharrouba,37.08,9.952778
douar el kherifa,37.048889,9.8775
douar el khissane,37.122222,9.906944
douar el maada,37.1025,9.83
douar el mallaha,35.928611,9.137778
douar el medjoub,37.100556,9.904167
douar el mehamid,35.3175,9.468056
douar el mekki,37.006667,9.827778
douar el merdsa,35.904722,9.235556
douar el metroub,37.104969,9.734389
douar el mezline,37.063056,9.896389
douar el mrabet,35.913056,9.224167
douar el tarig,35.369565,9.437928
douar ennbaza,36.646389,10.250278
douar en nouilia,35.305278,10.177222
douar er rahmane,36.619167,10.235
douar er remadni,36.998889,10.918889
douar er roumane,37.098056,9.954167
douar es safsaf,37.121111,9.929722
douar es sakkak,36.998333,9.873056
douar es sali,37.247911,9.653486
douar es sghaira,34.745278,10.482778
douar es smara,37.053889,9.828333
douar et tahouna,37.0259,9.648688
douar et toub,37.235312,9.666867
douar et touila,36.995833,9.816667
douar ez zafra,37.251623,9.691654
douar ez zedine,36.819167,10.892222
douar ez zerdoudi,37.120026,9.625596
douar ez zergane,34.766667,10.471111
douar ferdouine,37.089741,9.558251
douar gabrejelli,36.948889,10.105278
douar ghezala,37.29084,9.710233
douar guelaa,37.127222,9.92
douar guelfat,37.000833,10.967778
douar hadj ahmed,36.358333,8.852778
douar hadj chabane,37.045278,9.933889
douar hadj salah,37.043611,9.926389
douar hamama,35.76,10.263611
douar hammar el hattab,37.024649,9.704817
douar hamouda ben mannsour,37.061758,9.685222
douar hamouda,35.803611,9.613333
douar hamrouna,36.557778,10.245278
douar hashassia,37.255945,9.597932
douar hasni salah,37.024722,10.9275
douar hassine ben hadj salah,37.186162,9.685917
douar jendouba,36.623889,8.775278
douar kabyle,36.953056,8.750833
douar kaddour,35.933333,9.720833
douar kaouana,36.986111,10.073056
douar kenndjel,36.627778,10.233056
douar khelifa ben slimane,35.305278,10.155833
douar kouider en noual,36.605278,10.250278
douar laater,35.921111,9.1075
douar lababsa,36.521667,10.298056
douar laheg ben merouah,36.994167,10.968333
douar maaoui ben said,36.888611,10.826667
douar mabrouk ben mannsour,37.269722,9.598889
douar mabrouk ben rehem,35.339722,10.23
douar maisra,36.936936,9.831738
douar mannchara,37.213333,9.747778
douar mannoubi,36.61,10.429167
douar maunsour bou hadia,35.917778,9.633333
douar mbarek,36.571667,10.243889
douar meguerba,35.930556,9.269444
douar mennchia,36.958056,10.027222
douar mennzel aissa,36.860278,10.913611
douar mennzel rached,36.9275,10.012778
douar mernissa,37.318611,9.7025
douar merzaguine,37.178171,9.720132
douar mohammed ben attala,37.005833,9.812222
douar mohammed ben redjeb,36.559167,10.258333
douar mohammed ben salah,37.295609,9.737458
douar mohammed bou brahim,35.928396,9.691861
douar mohammed,37.127303,9.62611
douar mohammed,36.606667,10.345278
douar mohammed el akerni,35.368056,10.186944
douar mokhtar,37.072222,9.897778
douar mokna,36.968056,9.746389
douar mostefa,37.141944,9.950556
douar moulaheneche,36.502222,8.387778
douar msakine,35.418889,9.450833
douar msifin,37.014546,9.615405
douar mtakerem,37.260992,9.586795
douar otsmane,37.065278,9.911389
douar oudeia,37.106111,9.970556
douar oulad ahmed ben ali,35.825833,9.145556
douar oulad ahmed,35.366944,10.205556
douar ouladaia,37.25046,9.583712
douar oulad aoun,35.921944,10.295833
douar oulad djebar,35.711047,10.337756
douar oulad ech cherabi,36.568333,10.387778
douar oulad el hadj salah,34.948333,10.831667
douar oulad el kalaa,36.561389,8.395278
douar oulad hassine ben abbas,35.371667,10.21
douar oulad kbir,35.697778,10.336667
douar oulad khiar,36.053056,8.988056
douar oulad mohammed,34.713082,10.424163
douar oulad moumen,36.749167,8.769722
douar oulad salah,34.835556,10.49
douar oulad znai,35.738889,10.311667
douar ouled abd allah,35.337222,9.483333
douar ouled abd el kader,34.588889,10.389167
douar ouled ali ben salem,35.631944,9.580833
douar ouled avad,36.603056,8.768056
douar ouled bou allah,35.908611,9.598056
douar ouled bou zaria,36.548333,8.403611
douar ouled messaoud,35.625,9.561944
douar ouled zaid,35.513056,9.567778
douar oum et tine,37.1525,9.9925
douar rebta,35.965,9.070278
douar rouis er roua,36.818056,10.915
douar sadok,35.948056,9.717778
douar said ben hadj,37.003333,9.792222
douar salah belkilani,37.265556,9.558056
douar salah ben abda,35.985278,9.1225
douar salah ben khaled,37.006944,9.849444
douar salah ben khalifa,36.568611,10.353333
douar salah ed dridi,37.30539,9.72239
douar salem ben ez zine,35.315278,10.150833
douar salem,36.626111,10.351944
douar seka kebir,36.971944,9.893333
douar seka sghir,36.974444,9.890556
douar sidi ameur,35.086667,9.253889
douar sidi amor,36.921389,8.793333
douar sidi chabane,36.510278,10.300278
douar slimane gharbi,37.130278,9.983056
douar snesi,37.078889,9.195556
douar souarigue,35.303056,9.469167
douar souk et toub,37.043056,9.830278
douar tassa,37.127222,9.590833
douar tell er rebia,35.895,9.609722
douar touba,36.968333,10.035
douar tourou,37.239207,9.574541
douar trifaia,37.073738,9.688652
douar zaouia el kebira,36.914722,9.975556
douar zaouia es sghira,36.906111,9.995
douar zouameia,35.701715,9.527569
douar zougdjag,36.900278,10.811111
douar zouila,36.630278,10.238889
douar zouitina,37.213073,9.58993
douz,33.466324,9.020302
dubosville,36.783056,10.190833
ebbenes,33.683333,8.883333
ech cheikh azzouz,36.602222,8.987222
ech cheriha,35.756667,9.467222
ech cheurfa,36.015556,9.982778
ed doghra,34.472023,8.523104
ed dzahibi,36.095833,10.289722
el achaichia,36.620833,8.943056
el adara,33.436895,9.0095
el aguerba,34.886829,10.845798
el ahmar,35.946389,10.537222
el aioun,36.596167,8.758688
el ajama,35.936667,9.13
el amamria,35.797574,9.026367
el aouina,36.818056,10.305
el aouinat,34.903333,10.374444
el araba,34.879439,10.36971
el aroussia,36.813333,9.796389
el bair,34.803056,10.285
el bayada,35.435278,9.469722
el bedarna,34.874167,10.8275
el bekakha,34.782222,10.337222
el beniane,34.833889,10.611944
el bey,35.962778,9.052222
el bidha,37.139167,9.2475
el erijat,35.1425,9.926111
el fleissiah,36.002778,9.976944
el gelaah,37.062901,10.118289
el ghazalia,36.000556,8.812778
el ghobena,35.488333,9.6475
el guecheine,33.835726,10.907931
el guedara,33.59435,8.902665
el hachchane,33.849048,10.83266
el hadeba,35.238611,9.797222
el hadj mohammed zarrouch,35.945278,10.508333
el hamila,37.284324,9.709077
el hamissia,35.296667,9.7825
el-hamma-djerid,34.011523,8.153082
el haouach,36.888056,10.322222
el hashassia,34.824722,10.273889
el hememda,36.010278,9.979444
el houach zarzouna,37.264237,9.876696
el houamdia,34.719444,10.351667
el houanize,36.619722,8.929722
el jema,35.973333,9.958056
el kantara,36.992222,10.061944
el karouba,36.795769,9.746029
el khalfia,33.351664,10.714883
el kharrouba,35.396111,9.985
el khnefess,33.312376,10.989492
el kilam,36.956944,8.916944
el-korchine,36.676739,10.867454
el kouaf,37.131111,9.234722
el kouiba,35.236667,9.784722
el ksour,35.916959,9.324507
el laba,33.311763,10.524565
elles,35.949178,9.096601
el magazdia,35.968491,8.870737
el medjahed,34.778333,11.226111
el mejabra,35.543688,9.943658
el mnagha,36.552778,9.945
el mourstane,35.679722,10.087778
el redir,36.783056,8.781389
en nekhila,35.625833,9.656389
er rmep,36.949486,8.711214
es sabra,34.555,10.306111
es safet,36.022222,10.396111
es sakket,34.383333,9.233333
es sid,34.620724,10.362295
es snam,33.318829,10.648748
et tahma,36.513071,8.517549
et trabelsia,35.960278,10.193611
et trabelsia,35.961389,10.278056
ez zahra,36.746111,10.308333
ez zaouaoudi,36.044167,10.334167
ez zgadna,34.73,10.367222
faddan al baqar,35.536389,9.9675
fafou,33.866667,10.883333
fahmine,33.713946,10.864612
faid,35.056309,9.652396
fajj at tamir,35.878139,8.700822
fath allah,36.768056,10.209444
fatnassa,33.787428,8.736447
feriana,34.945294,8.567892
fertouna,37.154722,9.9025
fochville,36.758333,10.223889
foganine,33.8,10.9
fondouck el oqbi,35.566667,9.75
fondouk choucha,36.757778,10.248056
fondouk debbiche,35.682143,9.106092
fonndouk bou el haneche,35.714781,8.663829
fortuna,36.752222,10.780833
fouchana,36.700484,10.168501
fouk ahmed el aifa,35.793056,9.008611
foum tatahouine,32.929674,10.451767
fraia,35.756944,10.654444
franceville,36.816111,10.166111
furna,36.697086,9.836105
gaffour,36.320453,9.32424
gamart,36.898531,10.318331
gammouda,35.038234,9.484935
gassa,37.119167,9.016389
ghaialif,33.693051,8.982634
ghannush,33.940545,10.064394
ghar ad dima,36.447882,8.441302
ghar al fahs,35.573611,11.019444
ghar al milh,37.169387,10.190642
ghermassa,32.984946,10.251919
ghidmah,33.426899,8.817942
ghomrassen,33.059362,10.337122
gouarme,33.648056,10.564722
goubellat,36.541781,9.663341
gourbis,36.728056,10.035833
graba,36.808333,10.041944
grombalia,36.598941,10.500316
guallala,33.728753,10.855255
guelib es sebt,35.95,9.966667
guetaia,33.678801,8.878779
guetoufa,32.914756,10.494259
gumis,36.696389,10.491667
hachache-matmata,33.568656,9.994723
haddada,33.099901,10.312851
hadjeb el aioune,35.395639,9.543798
hadj mohammed ben hamid,36.926111,10.996111
hadrumete,35.860904,10.603131
hadrumetum,35.825388,10.636991
haf djerdjer,32.738096,10.29686
haffouz,35.632346,9.676241
hafi rassa,33.511095,10.01528
hafret amaid,35.626411,9.524247
haidra,35.566262,8.444116
hamadat al kebalou,35.5,10.866667
hamam-el-guezeze,36.874832,11.10837
hammam al anf,36.728658,10.34163
hammam biada,36.424036,8.945635
hammam djedidi,36.395,10.385278
hammam el fezoua,36.598889,8.437778
hammam-plage,36.720278,10.371667
hanout cheikh,35.007222,9.9725
hanout seridik,34.696389,10.321667
hanshir al fass,35.558016,8.926274
hanshir al qussah,36.769179,9.034927
hanshir al raqubah,35.083333,10.566667
hanshir al rhiria,36.712948,9.100768
hanshir as sawatir,34.532619,8.371404
hanshir bani umar,37.262702,9.709635
hanshir bin khalladiyah,36.6,9.283333
hanshir qasr ghallab,36.983333,11.05
hanshir sadiyah,35.871672,10.126724
hanshir sidi saadoum,36.780311,9.076139
haouadid,32.85,10.466667
haouita el rhezala,35.083333,9.4
haras de sidi tabet,36.909898,10.04222
harqalah,36.030273,10.509044
hassi amor,33.362651,10.617174
hassi soltane,33.32416,10.777838
hawmat al badawiyin,33.77695,10.935964
hawmat al qibliyin,33.716667,10.783333
hawsh mahmud bin nasib,34.805432,9.51585
haydus,36.742488,9.589822
henchir abd el kader,35.223589,9.322017
henchir bou djerida,36.603939,10.756966
henchir djeradou,36.258056,8.441944
henchir el haouachi,35.317222,9.319167
henchir hadj ali bou hamouda,35.062089,9.479367
henchir sidi khalifa,36.284167,8.398889
henchir zarouane,35.901558,8.271743
hennchir bir bou zouita,36.651389,10.855556
henndi ech chiab,35.925278,10.366944
henndi el alouj,35.961667,10.353333
henndi el hadj brahim,35.94,10.439722
henndi el menzel,36.005556,10.379444
henndi es saada,35.959444,10.444444
henndi es setta,35.959444,10.431111
henndi et teggaz,35.9325,10.444722
henndi knana,35.953889,10.404167
henndi oulad said,35.925833,10.361667
henndi salmoun,35.980556,10.410278
hiboun,35.514722,11.041389
houmet el jerbou,35.519444,11.045278
humt-seduiksh,33.745797,10.919538
jaafar,36.914444,10.143333
jarjis,33.503981,11.112155
jarsine,33.539167,8.823333
jedaida,35.555,9.983611
jendouba,36.501136,8.780239
jerbna,36.7575,8.955833
jougar,36.260556,9.936389
jraida,34.811944,10.278056
kaf al marir,36.113402,9.214989
kaf ar rayat,35.1,9.95
kahoua ad douadji,36.857839,9.970324
kalaa-es-senam,35.76819,8.342345
kalaa matmata,33.544454,9.971566
kariz,34.011149,8.271033
karsouline,36.881111,10.935556
kasba bou nemcha,32.883333,10.65
kasba drina,33,10.616667
kasba es saboun,32.891147,10.928952
kasbah,36.8,10.1675
kasbah leguine,32.866667,10.9
kasba zamaz,32.993693,10.580429
kasbet ammar,32.983333,10.65
kasbet dafnia,32.816667,10.766667
kasbet el agoum,32.75,10.216667
kasbet el rherdegui,32.916667,10.65
kasbet ez zourgane,32.816667,10.783333
kasbet oulad saidane,32.708765,10.222934
kasbet tannfoura,32.779235,10.68387
kasnadar,36.805278,10.129722
kasra,35.813635,9.36434
kasr moenza,33.504653,11.065836
kasr said,33.516667,11.116667
kassar el hal,35.647731,10.890461
kattanah,33.75751,10.200728
kchaicha,34.665,10.360833
kebeur el djaheli,36.955833,10.115278
kebili el ouati,33.686417,8.967826
kebili,33.704387,8.969034
kef el mechta,36.787778,10.840556
kelouamene,33.587984,8.908271
keredine,36.826389,10.318056
khalouet bou haslaya,35.290556,8.576667
khanguet el hadjadj,36.617387,10.405673
khelouet rebah,35.822437,8.450937
khenis,35.716667,10.816667
khlaifa,34.705833,10.371667
khorfa,36.983333,10.966667
khoussiah,35.753611,10.350278
kirchaoui,33.03273,10.796093
kobtine awlad umar,35.641111,9.520278
korba,36.578611,10.858611
korbous dar el oudiane,36.816682,10.568654
koudiat ech chouicha,35.475624,9.642225
krerachfa,33.190735,10.288494
krouibia,36.634167,10.820278
ksar aaiat,32.839695,10.298721
ksar aissa,32.85,10.216667
ksar bou zid,35.362668,8.868157
ksar bou ziri,32.813591,10.458349
ksar cherchara,32.9,10.95
ksar chitana,32.8,10.3
ksar chouline,33.033333,10.433333
ksar darhariet,32.765382,10.275101
ksar de lala,34.392032,8.820838
ksar djelidat,32.9,10.533333
ksar ech chehbane,32.983333,10.383333
ksar el ababsa,33.116667,10.383333
ksar el djouama,33.23524,10.258787
ksar el guennara,35.971111,9.252778
ksar el hadid,36.659452,9.092179
ksar el hallouf,33.290985,10.155061
ksar el kebrit,35.394444,9.639167
ksar el kradem,35.390153,9.145411
ksar el rouima,35.945579,8.5419
ksar et turki,33.016995,10.323311
ksar ghilane,32.980712,9.636331
ksar kourikria,33.25,10.333333
ksar maned,32.841324,10.532156
ksar mdoudja,35.931111,9.224167
ksar mehira,32.871191,10.821076
ksar metrioua,32.888287,10.320051
ksar mezouar,36.780585,9.339275
ksar mgassa,32.869344,10.28448
ksar mguebla,32.916667,10.433333
ksar mrabtine,33.03163,10.37672
ksar nekrif,32.840769,10.262419
ksar oulad aoun,32.871191,10.883888
ksar oulad bou abid,33.23996,10.207421
ksar oulad debbab,32.87193,10.382078
ksar oulad mahmed,32.883333,10.516667
ksar oulad soltane,32.789768,10.518122
ksar oum er roumanat,32.783819,10.19127
ksar rebouten,33.4,10.433333
ksar retbet el krachoua,32.658146,10.869677
ksar sidi aich,34.732627,8.782758
ksar slimane,36.850514,11.067201
ksar taleb beldine,32.849644,10.322111
ksar tamelest,32.791021,10.471353
ksar tarcine,33.216667,9.8
ksar tyr,36.601537,9.794191
ksiba-el-mediouni,35.685615,10.842562
ksiba,35.769722,10.628056
ksour el ahnache,34.85,9.35
ksour essaf,35.41808,10.994747
ksour lireba,36.906667,8.785
la batie,36.743889,10.215833
la cagna,36.7725,10.184722
la charentaise,35.887222,9.703611
la corniche,35.8425,10.629167
la croix,34.558069,10.309885
lafayette,36.8125,10.176389
la laverie,36.610001,10.319416
lalla aicha mourakchia,36.4,8.433333
lallah mabrukah,35.976667,9.187222
lallah manubiyah,36.810278,10.081111
lampta,35.666667,10.883333
laouainiah,35.174444,9.8525
la pecherie,37.251575,9.838902
la sauvagere,35.664444,9.688889
la smala des souassi,35.343247,10.547447
la soukra,36.877441,10.246801
la sulamite,34.994948,10.337372
les assion,35.866389,9.579722
les boudrenas,34.950833,10.315278
les caroubiers,35.645556,9.683889
les nassen,36.701825,10.232729
les salines,36.078808,8.965451
limaguese,33.774247,9.089067
lortess,34.340246,8.938184
lorzot,31.767638,10.346452
maadene,34.957815,10.543296
maafrine,36.666667,10.051667
maarouf,36.060278,9.762778
maatmer,35.751667,10.690833
macera,34.827673,10.673312
mactaris,35.857976,9.200717
madanin,33.354947,10.505478
madjouba,35.810383,8.501786
magraoua,35.921667,9.146944
mahari jabbas,34.683333,9.6
maherine,36.762252,9.856014
mahmoud ben el hadj,36.520556,8.787778
majaz al bab,36.649637,9.612312
malitah,33.863179,10.801538
malitah,34.652778,11.031944
mallulash,35.166167,11.035043
manouba,36.808029,10.097205
manshiyah,33.782778,8.855833
manzil abd ar rahman,37.237366,9.863132
manzil bu zalafah,36.683123,10.584312
manzil harb,35.7,10.75
manzil hurr,36.728181,10.957565
manzil kamil,35.624767,10.667268
manzil khayr,35.696637,10.711249
manzil,33.883333,10.083333
manzil salim,35.856732,8.476536
manzil shakir,34.964722,10.369444
manzil tamim,36.782222,10.9875
maqrin,36.769167,10.236389
mareth,33.617939,10.285361
markez bou ladiab,34.742222,10.372778
markez tijani,34.777222,10.366944
masakin,35.729173,10.58082
mashta abd allah bin sasi,36.022045,8.817767
mashta al anad,36.446423,8.709788
mashta ash shuwayshah,35.95,10.416667
masjid isa,35.723054,10.715492
massicault,36.713406,9.885425
mastouta,36.623898,9.199522
matem,37.040448,9.665574
matguia,34.673333,10.343333
mathildeville,36.768889,10.180833
maxula,36.768056,10.275278
mdeina,35.505733,9.907847
mechta berzig,36.461831,8.369003
mechtat el kharrouba,36.338333,8.379722
medjine,33.816558,10.835846
megdoudech,34.983333,8.65
megmag,33.8,10.833333
meliana,34.937778,10.871389
mennzel el henndi,36.952222,10.183889
menzel mheri,35.353747,9.827396
mezraia,33.85,10.966667
mezrane,33.75,10.75
mhareb,33.998308,8.168201
mianu,36.603944,10.552732
michaud,37.064167,9.606944
mide,34.413165,7.927271
midoun,33.808128,10.992284
mirabaud,34.743333,10.268611
moghrane,36.421477,10.089975
mohammed ben bel kassem,36.514444,8.783333
mohammed bessais,36.559444,8.985556
mohammed brahim el aouaid,35.038323,10.041763
mohammed zioud,37.169167,9.939722
montarnaud,36.683195,9.756822
montfleury,36.789444,10.174444
montfleury superieur,36.783333,10.183333
mostfa ben maamer,36.591944,8.933333
mouamla,34.716667,11.2075
moureddine,35.758382,10.541544
mrabia halima,36.634722,8.456944
mteurch,33.859398,10.116276
mutuelleville,36.835,10.164722
mzata,33.521367,10.082367
nabeul,36.456058,10.73763
nafed,36.116919,10.413279
nagga,33.740328,8.836407
nakta,34.570447,10.590841
nassene sghira,36.707778,10.22
nebeur,36.293889,8.774167
nechiou,34.330485,8.968162
nezlat el abid,33.690278,8.961944
nibbar,36.294109,8.766568
nouail,33.48948,8.864418
oglat el djedra,34.9,9.466667
oglet elababsa,33.225517,10.779206
ouallarh,33.816667,10.883333
oudhref,33.983323,9.970445
oued ellil,36.834083,10.040569
oued errebaa,33.200844,10.940914
oued esseder,33.328205,10.687443
oued et taam,33.291907,10.573946
oued meliz,36.468127,8.549507
ouedrane,33.766667,10.966667
oued sarrath,35.765535,8.61863
oued zarga,36.683333,9.416667
oued zebib,33.785924,10.842271
oulad aissa,36.536667,10.226389
oulad amor,36.018056,10.292222
oulad ben draif,34.7275,10.325556
oulad cheraiet,36.942222,10.831389
oulad el ghoulet,36.054722,10.296111
oulad el hajj saad,34.730278,10.319167
oulad el houra,35.960833,9.051944
oulad el kelba,36.021944,10.316111
oulad el klib,35.97706,10.153702
oulad el meniou,36.043056,10.317778
oulad hadj ahmed,34.781389,10.495278
oulad maalla,36.593889,8.751944
oulad messaouda,36.036944,10.317778
oulad messaoud,36.590833,9.775
oulad mohammed el alounia,36.070556,10.259444
oulad nasseur,35.198333,9.867778
oulad neffet,35.995278,10.183333
oulad neffet,36.0075,10.258056
oulad nouasseur,34.803056,10.485
oulad youssef,35.975,9.179722
ouled abd er rahmane,35.163889,9.868056
ouled alaia,36.653056,9.770833
ouled bel firane,35.995556,9.946667
ouled bou zerara,34.682878,10.654546
ouled el djema,36.746389,9.926667
ouled el klib,35.954722,10.146111
ouled ez zlassi,35.969167,10.116667
ouled fradji,36.677778,9.840556
ouled negaz,35.617778,9.46
ouled salem,36.448611,10.4325
ouled sidi ahmed ben ali,35.889444,9.208889
ouled slimane,35.983611,10.125556
ouled zair,35.210833,9.857222
oum dhouil,36.724256,10.816417
oum el frais,36.361944,8.9875
oum es somaa,33.785184,8.815523
oum ez zid el kbira,37.028633,9.713924
oum ez zid es sghira,37.042579,9.699488
oumsetrene,37.020278,10.913333
ousseltia ouled hedib,35.603333,9.594167
ousseltia ouled rabat,35.5975,9.582778
philippe-thomas,34.316667,8.416667
rabibah,35.801749,8.378987
rab silyanah,36.093986,9.567363
rabta,33.731938,8.919035
rafraf,37.19043,10.183648
ramadah,32.316623,10.395509
ras al ayn,32.975559,10.348737
ras al jabal,37.215721,10.125301
ras ar raml,36.583333,8.65
ras at tabiyah,36.821944,10.143611
ras el ma,35.987171,9.496527
redjal el kroukra,35.395278,11.031111
reville,36.283012,10.475576
rirane,36.936455,8.750874
rmel ben msadek,36.646389,8.493889
rmel es safsaf,36.652721,8.472253
robbana,33.767738,10.90111
rouinat,34.738056,10.338333
rous er riba,36.884722,10.972222
saad,36.447222,10.4025
sab biar,35.997222,9.153889
sabibah,35.543318,9.073696
sabria,33.356994,8.74703
sadaguia,35.084389,9.425849
safaqis,34.740556,10.760278
sahab-djebel,37.012158,10.954677
said mbarek,37.115118,9.666607
sainte-marie du zit,36.417222,10.305
sainte-marie,36.508126,9.068077
saint-germain,36.745059,10.314852
saint henri,34.759535,10.790783
saint laurent,36.78,10.179444
sajanan,37.057222,9.238056
sakiet ed daier,34.790556,10.781667
sakiet ez zit,34.801944,10.763611
sakiet sidi youssef,36.222919,8.355473
salakta,35.394444,11.043611
salambaw,36.839722,10.324167
salatah,35.868402,8.432739
sawahil,33.533333,11.116667
sawani al adhari,35.920556,10.560278
sbaia koubba,35.214167,11.018333
sbeitla,35.231513,9.123213
sebaa jouama,35.954444,9.156389
seba regoud,35.4875,9.520556
seftimi,33.802222,9.013611
segermes,36.34,10.341667
sembat,33.881792,9.770472
sidi abbas,34.765405,10.740604
sidi abd allah ben saiden,37.033361,9.304283
sidi abd allah,36.585556,8.4525
sidi abd allah,37.133333,9.833333
sidi abd al malik,36.41697,8.420936
sidi abd al qadir,35.95,8.9
sidi abid,34.699834,10.695847
sidi abi said,36.870945,10.348706
sidi ahmad,35.4022,9.809739
sidi ahmed,36.708704,8.722386
sidi aissa,37.056944,11.015278
sidi al harrath,36.404822,8.77111
sidi ali al bahlul,35.391667,11.039167
sidi ali al hattab,36.754393,9.967924
sidi ali ash shabab,37.193128,10.048233
sidi ali bel hafsi,35.721735,8.541371
sidi ali ben abdallah,36.533333,8.633333
sidi ali ben abdallah,36.016667,9.116667
sidi allouane,35.375048,10.938994
sidi al uryan,36.020517,10.130025
sidi amarah,35.688333,9.166667
sidi ameur bou hadjla,35.397419,10.047698
sidi ameur,35.861387,9.522597
sidi amor bou zitouna,36.95,9.366667
sidi amor,37.058611,11.033889
sidi an nasir,36.682686,9.567347
sidi an nuayjah,35.549641,10.869002
sidi ash shammakh,33.5887,11.025394
sidi askar,35.979615,8.88981
sidi as sahibi,36.451944,8.893333
sidi atmane el haddad,36.496024,8.962508
sidi at tarhuni,36.716667,9.05
sidi az zaouem,36.583333,8.925278
sidi belal,35.971111,10.154722
sidi ben araar,36.055939,8.773193
sidi ben nour,35.533333,10.916667
sidi ben salem,35.912295,8.322732
sidi bessari,35.6,11.033333
sidi bou ali,36.771086,10.764331
sidi bou ali,35.956667,10.473056
sidi bou alsmane,35.67699,10.697382
sidi bou baker,34.667151,8.461363
sidi bou choucha,36.496944,8.931944
sidi bou djobline,35.398333,11.039444
sidi bou grine,35.869167,9.133056
sidi bou haraoua,35.780278,8.5325
sidi bou khelout,35.693889,8.920278
sidi boulbaba,33.868968,10.089636
sidi bou nadji,36.052531,10.049007
sidi bou rouis,36.176647,9.123497
sidi bou said,36.913333,10.943333
sidi bou zacouma,36.466667,9.1
sidi bou zairira,37.020556,9.2425
sidi bou zitouna,36.416667,8.716667
sidi brahim,33.011751,10.230244
sidi daoud,37.001667,10.895
sidi daoud,36.863889,10.308611
sidi djedidi,36.417061,10.456627
sidi djedid,36.643746,10.574277
sidi el tebehi,34.815278,11.255556
sidi emmbarek,36.084491,8.756094
sidi et taiari,35.969167,10.391111
sidi henri,36.812778,10.148611
sidi khalifa el ferdjani,35.995,10.325278
sidi mansour,34.802759,10.862915
sidi marchett,35.926303,9.474491
sidi masud,36.9125,9.974722
sidi messaid,33.617487,8.964146
sidi mohamed ben messaoud,35.933611,9.050278
sidi mohamed el aid,35.8,8.8
sidi mohammed ben mabrouk,35.998056,10.179167
sidi salem,37.109424,9.54376
sidi salem,35.05,9.45
siliana,36.084966,9.370818
sleimia,35.974444,9.025833
smida,35.438333,9.437778
sottart bou lares,36.8475,8.797778
soualem,34.829722,10.305833
souani,34.310893,10.019575
souk el djamaa,36.376667,8.98
souk el djemaa,37.130556,9.366944
souk el had,33.789431,8.798473
souk et tleta,36.952104,8.902764
station de menzel mheri,35.421667,9.850278
tabarca,36.954423,8.75801
tabet el kelb,35.503889,11.056944
tabulbah,35.640179,10.96731
tabulbu,33.845502,10.114234
taburbah,36.829326,9.839346
tabursuq,36.456924,9.247507
tadjerouine,35.891744,8.552757
tafelloune,36.695591,10.898378
tafertasset,33.75,10.9
taguelmit,32.969284,11.311313
taguermess,33.828524,11.040285
takelsa,36.783333,10.633333
takrouna,36.15,10.333333
talah,35.572436,8.670313
talmin,33.716587,8.919526
tamaghzah,34.388486,7.943126
tamazrat,33.537383,9.865064
taoudjout,33.563166,9.866052
taraf,36.926285,8.980812
tarf el mcherga,36.911389,8.976389
tarhdimess,33.831892,10.861638
tarhrizit,33.847487,10.865393
tastur,36.551301,9.443073
tawajin,33.763176,10.82855
tawzar,33.919683,8.13352
tazarka,36.553669,10.838684
tazoghrane,36.894722,10.868333
techine,33.475731,9.999593
temlale,33.8,11.016667
terhalla,33.75,10.933333
thelepte,34.977763,8.592636
thibar,36.521776,9.105653
thonara,37.021667,10.906944
thuccabor,36.708292,9.520601
tianest,33.814331,10.915569
tidjma,33.578714,9.980759
tieret,30.97875,10.159838
tilioune,33.75,10.85
tinbar,33.736147,8.896102
tindja,37.15964,9.760601
tir el mergueb,36.618451,10.807878
tobag,36.666667,10.861111
touairi,34.516944,10.268611
toudjane,33.465179,10.133748
touiba,33.528667,8.786434
toungar,36.776916,9.744978
tounkett,32.90183,10.465488
tourki,36.576663,10.516322
touza,35.635435,10.827316
trabelsia,34.673333,10.3625
triffa,33.833333,11
tunes,36.806112,10.171078
utique,37.052238,10.058381
villa des pins,35.864444,10.611944
yamouna,34.846389,10.410278
zaafrane,33.442687,8.92065
zaafria,35.033995,9.327311
zaghouane,36.402907,10.142925
zahanah,37.039203,10.039105
zala,35.6,10.866667
zannouch,34.468083,9.050636
zaouia mornag,36.699167,10.272778
zaouia sousse,35.785531,10.627246
zaouia,36.426667,8.976944
zaouiet azmour,36.92441,11.007797
zaouiet el arab,33.989148,8.223137
zaouiet el megaiz,36.935706,10.869332
zaouiet kountech,35.633333,10.766667
zaouiet sidi abdelli,36.7,9.483333
zaoula sidi mohammed salah,35.407778,9.443056
zaqrarin,33.599529,9.967047
zarawah,33.573886,9.824062
zaribah,36.342654,10.249052
zemerten,33.421744,10.126431
zerig,33.735815,10.161597
zhani,35.07437,9.971495
zorgane,33.996392,8.232194
