agatwi,-1.8847222,30.0686111
astrida,-2.5972222,29.7388889
banda,-2.4333333,29.1833333
bandazi,-1.9333333,30.2333333
basa,-1.6833333,29.35
bganga,-1.45,30.4333333
bibale,-1.4666667,30.2333333
bicumbi,-1.9966667,30.3497222
bigutu,-2.4833333,28.9833333
biguzi,-2.4333333,28.9666667
bihe,-1.6333333,29.3666667
bihembe,-2.0666667,30.2833333
bilembo,-1.6833333,29.5166667
binana,-1.75,29.6333333
birenga,-2.1816667,30.5325
biru,-2.5411111,28.9186111
bisaga,-1.4833333,29.85
bishyiga,-2.4333333,29.45
bitare,-2.6833333,29.65
bitare,-2.4,29.05
biumba,-1.5775,30.0625
buberuka,-1.4883333,29.8352778
budaya,-1.75,29.3166667
bugali,-2.4333333,29.8833333
bugaragara,-1.5502778,30.0411111
bugaragara,-1.9166667,29.9666667
bugarama,-2.6469444,29.0094444
bugarura,-1.7502778,30.3327778
bugesera,-2.1455556,30.0913889
bugindi,-1.4833333,29.9333333
bugobagoba,-2.0166667,29.8833333
bugoya,-1.6833333,30.5
bugu,-1.6333333,29.3
buguma,-1.45,30.1833333
bugungu,-2.4333333,28.9833333
buhimba,-2.4333333,29.7666667
buhokoro,-2.3333333,29.0166667
buhongo,-1.8833333,29.3
buhoro,-1.9,29.3
buhuga,-1.6166667,29.7333333
buhungwe,-1.5833333,29.3833333
bukamba,-1.3875,30.2575
bukaragata,-1.45,29.8833333
bukekele,-1.3333333,30.2833333
bukondjo,-1.6,29.3166667
bulega,-1.7333333,30.0333333
bulenga,-1.6833333,30.05
bulengera,-1.595,29.32
bulimba,-1.7333333,29.85
bulinga,-1.9977778,29.6972222
bumazi,-2.45,29.0
bumbogo,-1.7130556,29.8530556
bunga,-2.7,29.65
bungeshi mukuru,-1.5422222,29.3830556
bunyambilili,-2.3283333,29.5302778
bunyereri,-2.5833333,29.0333333
burama,-2.3166667,29.8166667
burega,-1.6666667,29.7
burenga,-1.6491667,30.0313889
burere,-1.6333333,29.3166667
busekera,-2.6,28.9166667
bushara,-1.3333333,30.1666667
bushenyi,-1.9508333,30.3952778
bushiga,-1.6666667,29.9333333
bushingamohetu,-1.55,29.95
bushoka,-1.5833333,29.7333333
butale,-1.8666667,30.1
butambamo,-2.65,28.95
butambara,-2.3333333,29.0872222
butambwe,-1.7,29.6666667
butamwa,-2.0266667,30.0258333
butandi,-1.4833333,29.9
butare,-2.5966667,29.7394444
butaro,-1.4,29.8333333
butete,-1.3791667,29.7358333
butezi,-1.8833333,29.6166667
butozo,-1.4666667,30.05
buvali,-1.1666667,30.3166667
buvumu,-2.6833333,29.7333333
buyanga,-1.4166667,29.8166667
buyenzi,-2.7177778,29.5344444
buyoga,-1.69,30.0136111
buzigi,-1.7,29.95
bwakira,-2.1575,29.5497222
bweya,-1.2666667,30.2666667
bwisha,-1.65,29.7333333
bwishya,-1.4166667,30.1166667
bwisige,-1.5761111,30.1555556
churusi,-2.4666667,29.85
chyugi,-1.7,29.55
chyuna,-2.7,29.6
colline bukamba,-1.7166667,30.0
colline cyabingo,-1.5786111,29.6888889
colline cyamuti,-2.3166667,29.0166667
colline cyarwa,-2.6280556,29.7519444
colline cyato,-2.55,28.9333333
colline cyete,-2.5333333,28.8833333
colline cyibumba,-2.4,29.9666667
colline cyigaro,-2.3833333,29.5
colline cyimbande,-2.2833333,29.5333333
colline cyimpundu,-2.2833333,29.2166667
colline cyiya,-2.2677778,29.2652778
colline cyotomakara,-2.4,29.85
colline cyumba,-2.2833333,29.6833333
colline cyuve,-1.4833333,29.65
colline gabiro,-2.4166667,29.0333333
colline gafuba,-2.3666667,29.0166667
colline gafunza,-2.3927778,29.0044444
colline gahanga,-1.6494444,29.6355556
colline gahondo,-2.3666667,29.7666667
colline gakenke,-1.65,29.6833333
colline gako,-1.6833333,29.7833333
colline gakoma,-1.7,29.6333333
colline gakoni,-2.6166667,29.0166667
colline gakoro,-1.45,29.7
colline gangura,-1.6333333,29.4
colline garama,-1.5447222,30.2422222
colline gasabo,-1.8,30.1333333
colline gasagara,-1.85,30.2
colline gasaka,-2.4833333,29.5166667
colline gasambu,-2.55,28.9
colline gasambya,-1.5,30.1
colline gasana,-1.3166667,30.35
colline gasanze,-1.5,29.6666667
colline gasasa,-1.7166667,29.5666667
colline gashaki,-1.55,29.75
colline gashenye,-1.65,29.8333333
colline gasheshe,-1.3333333,30.3833333
colline gashinia,-1.7166667,30.1833333
colline gashoba,-2.2075,30.2436111
colline gashonga,-2.6,28.95
colline gasura,-1.85,30.1
colline gatatara,-1.65,29.45
colline gatete,-2.75,29.7666667
colline gatete,-1.6666667,29.8833333
colline gatete,-1.4333333,29.65
colline gatonde,-2.3833333,29.85
colline gatovu,-1.6086111,29.5630556
colline gatsilima,-1.4166667,30.1333333
colline gazinga,-1.2,30.3666667
colline gicuba,-1.5755556,29.8680556
colline gihango,-2.5166667,28.9
colline gihe,-1.85,29.6333333
colline giheke,-2.4666667,28.9666667
colline giheta,-1.4833333,29.7
colline gihinga,-2.45,29.0166667
colline gihora,-1.4666667,29.6
colline gikondo,-1.9833333,30.0666667
colline gisa,-1.6833333,29.2666667
colline gisagara,-2.6,28.9
colline gisanze,-2.6,29.8
colline gisayura,-2.4166667,29.9
colline giseke,-2.6,29.5166667
colline gishike,-2.3833333,29.75
colline gishute,-1.9,30.2
colline gisodzi,-1.7833333,29.8833333
colline gisongwe,-2.6833333,28.9833333
colline gisozi,-1.6333333,29.8
colline gitaba,-1.6980556,29.9283333
colline gitambi,-2.5833333,28.9833333
colline gitambi,-1.7833333,30.1166667
colline gitandi,-1.6,29.9333333
colline gitare,-1.5947222,29.9422222
colline gitare,-1.4,29.75
colline gitega,-1.8,29.5833333
colline gitenga,-1.4,30.1333333
colline gitenge,-1.6666667,29.8
colline gitongati,-2.0666667,29.7333333
colline gitongo,-2.3166667,29.15
colline gitovu,-2.4,29.8
colline gitovu,-1.5833333,29.9166667
colline gitovu,-1.75,29.8833333
colline gitovu,-1.6166667,29.7833333
colline gitshatsha,-1.8966667,30.2386111
colline gitsimba,-1.6833333,30.3833333
colline gitsuba,-1.8666667,29.9333333
colline gituza,-1.6013889,30.2844444
colline gitwa,-1.7833333,29.3166667
colline gitwe,-1.5166667,29.8
colline gombaniro,-2.7166667,29.0333333
colline gorora,-1.75,30.3833333
colline gosenyi,-1.7027778,29.2563889
colline guhengeri,-1.7333333,29.5333333
colline isenga,-2.4166667,30.1166667
colline ityazo,-2.3333333,29.1166667
colline janjagiro,-1.8666667,30.3
colline jenda,-2.1666667,29.95
colline jomba,-1.5833333,29.7166667
colline kabale,-1.5833333,30.3166667
colline kabalele,-1.6166667,30.35
colline kabanda,-2.0666667,29.7
colline kabilizi,-1.3833333,30.3166667
colline kabingo,-1.7,29.65
colline kabira,-1.4833333,30.3166667
colline kabirizi,-1.7,29.2833333
colline kabongoya,-1.5,30.1333333
colline kaboza,-2.5666667,28.9666667
colline kabuga,-2.2,29.6666667
colline kabuga,-1.9666667,30.2166667
colline kabutembo,-2.4166667,28.9166667
colline kabyaza,-1.4166667,29.85
colline kadjumo,-1.4,30.35
colline kagabo,-1.3833333,30.35
colline kagasa,-2.2666667,30.2
colline kagunga,-2.4333333,29.8666667
colline kagunga,-2.2833333,29.2333333
colline kakole,-1.0666667,30.4166667
colline kakute,-1.4666667,30.2833333
colline kalembule,-2.0166667,30.0833333
colline kalengera,-2.5230556,29.0358333
colline kamabara,-1.6166667,30.2333333
colline kambogo,-2.6333333,29.0166667
colline kamushuri,-1.4333333,30.05
colline kanama,-1.6997222,29.3463889
colline kangoma,-1.2833333,30.25
colline kangwandi,-1.7333333,29.3166667
colline kanogo,-1.9,29.6166667
colline kanombe,-1.9747222,30.1613889
colline kanyoni,-1.7833333,30.0333333
colline kanzanza,-1.6333333,29.3833333
colline kanzenze,-2.1511111,30.0952778
colline karagari,-1.7961111,30.1919444
colline karama,-2.6130556,29.6377778
colline karama,-1.6666667,29.9166667
colline karama,-2.4325,29.6044444
colline karambo,-1.7666667,30.0333333
colline karambo,-1.6333333,29.8333333
colline karandarye,-1.65,29.5
colline karizinge,-2.2333333,30.25
colline karotshyo,-2.35,30.25
colline kataretare,-1.8333333,29.3666667
colline katshuriro,-1.9333333,30.0833333
colline kavumu,-2.2166667,29.6166667
colline kayanga,-1.8333333,30.1833333
colline kayenzi,-2.1333333,30.0666667
colline kayovu,-2.2666667,30.2666667
colline kazo,-2.2,30.5
colline kendale,-1.1833333,30.4
colline kibadirwa,-2.3666667,29.45
colline kibagabaga,-1.9333333,30.1166667
colline kibali,-1.5819444,30.0466667
colline kibangu,-2.7141667,29.65
colline kibanza,-1.9666667,29.8833333
colline kibari,-2.6333333,29.0
colline kibazi,-2.4833333,29.0666667
colline kibinja,-2.3666667,29.7833333
colline kiboga,-1.3833333,30.3
colline kibungu,-2.1,30.0333333
colline kidaho,-1.37,29.7425
colline kigali,-2.3,29.95
colline kiganda,-1.5694444,29.6755556
colline kigarama,-2.2833333,29.5666667
colline kigarama,-1.95,30.15
colline kigasa,-1.5333333,29.5666667
colline kigembe,-2.735,29.695
colline kigeyo,-1.8166667,29.3
colline kikunyu,-1.1,30.3666667
colline kilambi,-1.5666667,30.15
colline kilarambogo,-2.6166667,29.9
colline kimbwebwe,-1.1,30.4
colline kimironko,-1.75,30.3333333
colline kimiryi,-1.6333333,29.9833333
colline kinanira,-1.7666667,29.55
colline kindonye,-2.2,30.1166667
colline kinigi,-1.7166667,29.3
colline kinigi,-1.45,29.5666667
colline kinihira,-1.6666667,29.5
colline kinihira,-1.55,29.7833333
colline kinogo,-1.5666667,29.35
colline kintarure,-1.7166667,29.6166667
colline kinyababa,-1.3833333,29.8
colline kinyambo,-1.4333333,30.2
colline kinyanja,-2.2333333,29.6166667
colline kinyantozi,-1.8333333,29.3833333
colline kinyoma,-1.65,29.8166667
colline kinyoni,-2.3166667,29.8333333
colline kinzuzi,-1.75,30.0166667
colline kiraga,-1.7333333,29.3
colline kirambo,-2.3116667,29.1363889
colline kirambo,-1.7,29.8833333
colline kiranga,-2.6333333,28.9166667
colline kiraro,-1.7166667,29.6333333
colline kirengo,-1.95,29.6
colline kiryi,-1.5333333,29.65
colline kisigiro,-1.75,30.0333333
colline kisunzu,-2.5333333,28.9333333
colline kiterwe,-1.6333333,30.25
colline kivuba,-1.7,30.3
colline kivu,-2.6166667,29.4666667
colline kivumu,-1.6,29.8666667
colline kiyanza,-1.75,30.0666667
colline kiyonza,-2.7333333,29.7
colline kiziguru,-1.8,29.65
colline kizirakome,-1.4333333,30.4
colline kukabira,-1.7333333,30.1833333
colline kukana,-2.4,30.1333333
colline kulisha,-1.8333333,30.0833333
colline kumutaka,-1.8833333,29.4666667
colline kununya,-1.75,29.4333333
colline kuwingugu,-2.6,29.4333333
colline kuwinkingi,-2.4666667,29.4666667
colline kyiombe,-1.4444444,30.0886111
colline kyiri,-1.6833333,29.9
colline linganwe,-2.6833333,29.7833333
colline lubirizi,-1.2644444,30.23
colline luhigiro,-1.6166667,29.4
colline luhunga,-1.8666667,29.6333333
colline lutendele,-1.5833333,30.35
colline mabare,-1.45,30.1
colline mabuye,-2.3833333,30.15
colline macuba,-2.3,29.2
colline magi,-2.7333333,29.8333333
colline magina,-2.2666667,30.2166667
colline mahoko,-1.7,29.3333333
colline mahumbe,-1.8833333,29.5166667
colline maliba,-2.6666667,29.6333333
colline mamfu,-1.7333333,30.3
colline marabuy,-1.8833333,29.35
colline mararo,-1.55,29.55
colline mareba,-2.2666667,29.85
colline masha,-1.5833333,29.3333333
colline maso,-2.2833333,29.5166667
colline masoro,-1.8333333,30.05
colline matara,-2.3333333,29.9166667
colline maya,-1.4333333,29.6833333
colline mayange,-2.2113889,30.1172222
colline mayobe,-2.2166667,29.5666667
colline mbazi,-2.5258333,29.7316667
colline mbuye,-1.85,29.65
colline mbuye,-2.2333333,29.65
colline mibuba,-2.3666667,30.15
colline mikingo,-1.9,29.6
colline mitshiniro,-1.6,29.3833333
colline mizingo,-1.6333333,29.4333333
colline mpage,-2.3833333,29.15
colline mpanga,-2.3,29.7333333
colline mpanga,-2.0,30.0333333
colline mpare,-2.1166667,29.6833333
colline mpira,-2.2666667,30.1833333
colline mubori,-2.5166667,29.0166667
colline mubumbano,-2.6666667,29.7333333
colline mubumbano,-2.35,29.1
colline mudende,-1.6166667,29.3833333
colline mufumba,-1.6166667,29.3166667
colline mugakindu,-1.1833333,30.3
colline mugamba,-1.5833333,29.7833333
colline mugano,-1.8333333,29.6166667
colline mugejuru,-2.3666667,29.4666667
colline mugera,-1.6166667,30.2666667
colline mugomba,-2.3333333,29.2666667
colline mugunga,-1.8166667,29.75
colline muhanda,-1.8,29.5166667
colline muhari,-2.4666667,28.9
colline muhehwe,-2.6333333,28.9666667
colline muhero,-2.4,29.9333333
colline muhingu,-1.5166667,30.2833333
colline muhororo,-1.5166667,29.7166667
colline muhoza,-2.25,29.65
colline muhura,-1.7344444,30.2708333
colline mukalange,-1.5280556,30.0786111
colline muko,-2.4333333,29.05
colline mukoma,-2.35,29.0166667
colline mukoni,-2.5166667,29.5666667
colline mukuyu,-1.8833333,30.1833333
colline mulemule,-1.7166667,29.5333333
colline mulinja,-2.05,30.1166667
colline mumatyazo,-1.6833333,30.15
colline munini,-1.5333333,30.0666667
colline munini,-2.7,29.5166667
colline munsheke,-1.2833333,30.3666667
colline munyinya,-2.5666667,28.95
colline munyove,-2.4666667,28.9333333
colline murama,-2.7166667,29.7
colline muramba,-2.2833333,29.1666667
colline muramba,-1.8666667,29.5333333
colline muramba,-1.6,29.6833333
colline murambi,-1.55,30.2333333
colline murambi,-1.7333333,29.55
colline murambi,-1.9833333,30.0833333
colline murandi,-1.55,29.7333333
colline murangi,-2.5,28.9166667
colline murara,-2.35,30.1666667
colline muraza,-2.3,29.15
colline murehe,-2.5666667,28.9166667
colline murito,-2.3833333,28.9833333
colline murore,-1.5,30.0166667
colline murunda,-1.9,29.3666667
colline mururu,-2.5166667,28.8666667
colline muryorera,-1.5,29.9666667
colline musama,-1.3833333,29.85
colline musange,-2.2658333,29.5552778
colline musebeya,-1.5833333,29.6833333
colline muse,-2.5,29.5166667
colline musenyi,-1.7030556,30.1094444
colline musheri,-1.1333333,30.3833333
colline mushirarungu,-2.35,29.7166667
colline mushongi,-1.65,29.9
colline musoro,-2.45,28.9666667
colline musumba,-2.1166667,29.8166667
colline musumule,-2.25,30.1833333
colline mutambiko,-1.75,30.1833333
colline mutamo,-1.6666667,29.4833333
colline mutara,-1.6333333,29.95
colline mutego,-1.7333333,29.65
colline mutende,-2.3166667,29.8
colline muti,-1.6166667,30.2
colline muti,-1.6208333,29.3044444
colline mutima,-2.3833333,29.8833333
colline mutimasi,-2.5397222,28.9402778
colline mutongo,-2.2833333,29.2
colline mutusa,-2.3833333,29.0833333
colline muvumu,-1.85,29.9166667
colline muyage,-2.4333333,29.6833333
colline muyira,-2.3447222,29.8777778
colline muzenga,-2.6333333,29.7666667
colline mwanabili,-2.2666667,29.7666667
colline mwegera,-2.6,29.0666667
colline mwendo,-1.7166667,30.2
colline mwendo,-1.6333333,29.7166667
colline mwenya,-1.6333333,30.2166667
colline mwijanda,-2.4833333,29.6666667
colline mwishe,-1.8,30.0
colline mwite,-1.7333333,30.0
colline mwiviro,-1.7333333,30.2666667
colline mwufe,-1.7794444,29.3083333
colline mwumba,-2.25,29.5833333
colline myariro,-2.3,30.1666667
colline ndaganzwa,-1.9166667,29.6166667
colline ndago,-2.4166667,29.8833333
colline ndera,-1.9666667,30.1666667
colline nemba,-1.55,29.85
colline nengo,-1.7,29.2666667
colline ngange,-1.7166667,30.2333333
colline nganzo,-1.65,29.75
colline ngeruka,-2.3,30.15
colline ngiryi,-1.85,30.0833333
colline ngoma,-2.5852778,29.7416667
colline ngoma,-1.9,29.35
colline ngoma,-1.55,29.8
colline nkanda,-2.7833333,29.4833333
colline nkanka,-2.4166667,28.9333333
colline nkunzuzu,-1.8666667,30.1666667
colline nkurubuye,-2.5166667,28.9666667
colline nomba,-2.3,29.8166667
colline ntarabana,-1.7833333,29.9166667
colline ntebe,-2.0833333,30.3
colline ntobwe,-1.9666667,29.6333333
colline ntonde,-1.7666667,29.9333333
colline nulambi,-1.9,29.3333333
colline nyabichwamba,-1.6,30.25
colline nyabihu,-1.7833333,29.5833333
colline nyabishambi,-1.55,30.0666667
colline nyabisindu,-2.35,29.6666667
colline nyabiteke,-2.3333333,29.0333333
colline nyabugando,-1.5333333,30.4166667
colline nyagahinika,-1.8,29.3333333
colline nyagahita,-1.5,30.2
colline nyagasozi,-1.35,29.75
colline nyagisozi,-2.7666667,29.6166667
colline nyagitabire,-1.65,30.1833333
colline nyakabanda,-2.7666667,29.6833333
colline nyakabongo,-1.8,30.25
colline nyakabu,-2.2666667,29.7
colline nyakabumgo,-2.2166667,29.8666667
colline nyakabungo,-1.6333333,30.15
colline nyakabuye,-2.5694444,29.0280556
colline nyakanyinya,-2.5166667,28.9333333
colline nyakayogera,-1.5833333,29.8666667
colline nyakibanda,-2.6333333,29.6833333
colline nyakingandu,-1.4333333,30.3333333
colline nyamagana,-2.5463889,28.8991667
colline nyamikama,-1.5166667,30.25
colline nyamikamba,-1.4,30.2166667
colline nyamirembe,-1.65,30.35
colline nyamugari,-2.4,29.0
colline nyamweru,-1.95,30.0166667
colline nyamyumba,-1.7397222,29.2933333
colline nyanda,-1.6,30.05
colline nyankenke,-1.6,30.0166667
colline nyantomvu,-2.55,29.05
colline nyanza,-2.5833333,29.7166667
colline nyanza,-1.7833333,30.15
colline nyarubungu,-1.5666667,30.25
colline nyarugenge,-1.9402778,30.0652778
colline nyarugina,-1.45,29.55
colline nyarugumba,-1.5286111,30.4130556
colline nyaruhengeri,-2.6827778,29.7741667
colline nyarungu,-1.4833333,29.8166667
colline nyarurama,-2.3166667,29.65
colline nyarurama,-2.4333333,30.1666667
colline nyarushishi,-2.5,28.95
colline nyarutembe,-1.6,29.6166667
colline nyaruteme,-1.6166667,29.3666667
colline nyarutsi,-2.2833333,29.5833333
colline nyenje,-2.65,28.9
colline nyondo,-1.7166667,29.3166667
colline nyonilima,-1.6166667,29.6666667
colline nyunzwe,-2.15,29.65
colline nzahaha,-2.6666667,28.9666667
colline nzangwa,-2.3666667,30.25
colline rango,-2.5833333,28.9166667
colline rekisugi,-1.3,30.2333333
colline remera,-2.3666667,29.1333333
colline remera,-1.8,29.9833333
colline rimwe,-1.8833333,29.95
colline rongi,-1.9,29.65
colline rubaka,-1.5666667,29.5333333
colline rubaya,-1.6825,29.2969444
colline rubeja,-1.7,29.6833333
colline rubona,-2.3166667,29.9333333
colline rubona,-2.3166667,29.25
colline rubona,-1.7833333,29.8666667
colline rubona,-1.5333333,29.8666667
colline rubungo,-1.9458333,30.1261111
colline rubungu,-1.4833333,30.35
colline rudaga,-2.3333333,29.25
colline rugamba,-1.8666667,29.3
colline ruganda,-2.5038889,28.9166667
colline rugaragara,-2.4,28.9333333
colline rugaragara,-1.7,30.2166667
colline rugarama,-1.4,29.7333333
colline rugari,-1.5166667,29.85
colline rugendabari,-1.6333333,29.5833333
colline rugenge,-2.2833333,30.2166667
colline rugera,-1.6333333,29.6166667
colline rugogwe,-1.6666667,30.3
colline rugoti,-1.9166667,29.3666667
colline ruhanga,-1.9333333,30.25
colline ruhanga,-1.4833333,29.8333333
colline ruhanya,-1.7333333,29.9333333
colline ruhara,-1.6,29.3
colline ruhengeri,-1.4833333,29.6166667
colline ruhinga,-1.6166667,29.75
colline ruhoko,-2.6666667,28.95
colline ruhurura,-1.4666667,29.85
colline ruinihingo,-1.4,30.25
colline rukira,-2.5833333,29.7
colline rukoko,-1.65,29.2666667
colline rukoma,-1.6166667,29.5166667
colline rukona,-1.45,29.65
colline rukondo,-2.3886111,29.6091667
colline rukura,-1.6833333,29.8333333
colline runyanga,-2.3166667,29.7
colline runyinya,-1.8833333,30.3333333
colline runyinya,-1.7333333,29.6833333
colline rurama,-2.5133333,29.0166667
colline rusasa,-1.6333333,29.6666667
colline rusayo,-1.5666667,29.7333333
colline rusebeya,-1.6333333,29.6833333
colline rusekera,-1.5666667,29.95
colline rusekera,-1.7166667,29.3833333
colline rushari,-1.5666667,29.85
colline rushashi,-1.7330556,29.8591667
colline rushebeya,-1.4666667,30.1166667
colline rusiga,-1.8166667,29.9166667
colline rusingi,-1.8,29.5666667
colline rusoro,-1.7166667,29.6666667
colline rutamba,-1.4166667,29.7166667
colline rutare,-1.2833333,30.3
colline rutarure,-1.7666667,29.5833333
colline rutonde,-1.9,29.9666667
colline rutondwe,-1.8666667,29.95
colline ruyange,-1.5,29.8166667
colline ruyaraka,-1.35,30.3833333
colline ruyenzi,-2.4333333,29.8333333
colline ruyonga,-2.5666667,28.9333333
colline rwabicuma,-2.35,29.7
colline rwabidege,-2.4833333,29.05
colline rwahi,-2.4333333,28.9333333
colline rwamiko,-2.4897222,28.9508333
colline rwamiko,-1.7666667,30.2
colline rwani,-1.85,29.9333333
colline rwankeri,-1.6,29.5333333
colline rwankomo,-1.7,29.35
colline rwankuba,-1.75,29.8666667
colline rwegenya,-1.3333333,30.3
colline rwimbogo,-1.6,30.3166667
colline rwinkuba,-2.4833333,29.0166667
colline rwoga,-2.2666667,29.7833333
colline rwumba,-2.4333333,29.0666667
colline ryandinzi,-1.5166667,29.75
colline saga,-2.7,29.8666667
colline sanga,-2.5333333,29.6333333
colline sayo,-1.65,30.0
colline shahara,-2.6666667,29.7666667
colline shara,-2.6202778,29.0186111
colline sheke,-2.4833333,29.7166667
colline shenga,-1.85,30.2666667
colline sholi,-2.3,29.7833333
colline shuti,-1.3,30.3
colline shyanda,-2.5419444,29.7927778
colline shyorongi,-1.8544444,29.9625
colline songa,-1.5833333,29.65
colline tambwe,-2.2202778,29.7991667
colline tanda,-1.7833333,30.25
colline tovu,-1.3833333,30.1166667
colline tshanzozo,-1.2336111,30.3008333
colline tsheya,-1.6,30.1166667
colline tshyugaro,-2.1166667,30.05
colline tumba,-1.6944444,29.9483333
colline umufu,-2.7166667,29.35
colline winteko,-2.5333333,28.9
colline yonde,-2.3,29.5166667
colline zivu,-2.5555556,29.8008333
cyamuhinda,-1.7077778,30.1955556
cyangugu,-2.4833333,28.8966667
cyeru,-1.9011111,30.5061111
cyeru,-1.4880556,29.8130556
cyesha,-2.3747222,29.0905556
cyimbazi,-1.9511111,30.3641667
cyimbogo,-2.5338889,28.8938889
cyondo,-1.45,30.1166667
cyumba,-1.5047222,30.0061111
cyungo,-1.6230556,29.9541667
gabegi,-2.5333333,29.3833333
gacundura,-1.4855556,29.8491667
gaharo,-2.6666667,29.4166667
gahengele,-1.9666667,30.3333333
gakoma,-1.4794444,30.1994444
gasave,-1.9136111,30.0663889
gaseke,-1.7655556,29.5497222
gatare,-2.3047222,29.2088889
gatete,-1.5166667,29.95
gatonde,-1.6541667,29.6694444
gatsibo,-1.5758333,30.2441667
gaziza,-1.4338889,29.6483333
ghasheshe,-1.3,30.2166667
giciye,-1.7027778,29.5597222
gikomero,-1.8552778,30.1494444
gikongoro,-2.4688889,29.5675
gikoro,-1.9305556,30.3313889
gisaka,-1.6408333,30.3727778
giseke,-2.5833333,29.5
gishamvu,-2.6605556,29.6902778
gishikiri,-1.5833333,30.1833333
gishoma,-2.6163889,28.94
gishyita,-2.1627778,29.3005556
gisovu,-2.2547222,29.3369444
gisuma,-2.4794444,28.9244444
gitarama,-2.0744444,29.7566667
gitesi,-2.0758333,29.3577778
giti,-1.7491667,30.1877778
gitoke,-1.6416667,30.3213889
gitwa,-1.7008333,29.4175
hubingo,-1.8566667,30.0080556
huye,-2.5808333,29.7116667
ilemera,-2.45,29.55
jari,-1.8666667,30.0166667
kabare,-1.5333333,30.1833333
kabare,-1.8841667,30.4430556
kabarondo,-2.0172222,30.5486111
kabaya,-1.7502778,29.5458333
kabutindi,-1.3975,29.7086111
kabuye,-1.8744444,30.0475
kacyiru,-1.9625,30.1055556
kademero,-1.3922222,29.8297222
kagano,-2.3433333,29.1033333
kakoma,-1.4666667,30.2166667
kalenda,-1.5833333,29.95
kamembe,-2.4377778,28.9222222
kamuzamuzi,-1.6266667,29.3430556
kanyundo,-1.3716667,30.4611111
karago,-1.6655556,29.5180556
karama,-1.3944444,30.1533333
karama,-1.9,30.1666667
karambo,-2.3363889,29.5333333
karehe,-1.6130556,30.2175
karongo,-1.5516667,30.915
karundi,-1.6980556,30.2288889
karushya,-1.8155556,30.2311111
kashango,-1.6811111,30.2705556
kayenzi,-1.7033333,29.9336111
kayenzi,-1.8986111,29.85
kayonza,-1.9455556,30.5202778
kayove,-1.8844444,29.3530556
kibayi,-2.7322222,29.8555556
kibilira,-1.9375,29.6213889
kibungo,-2.1644444,30.5419444
kibuye,-2.0555556,29.3497222
kicukiro,-1.9769444,30.1058333
kigale,-1.9536111,30.0605556
kigarama,-2.0769444,30.5555556
kigoma,-2.2575,29.7911111
kigombe,-1.4833333,29.6477778
kilimbi,-2.25,29.1833333
kimisange,-1.9952778,30.0486111
kinigi,-1.4466667,29.6166667
kinyamakara,-2.4613889,29.6594444
kinyami,-1.6486111,30.1327778
kipuye,-1.4775,29.9311111
kirwa,-1.6666667,29.9833333
kisiguro,-1.7677778,30.3838889
kivumu,-2.0466667,29.5969444
kizinga,-1.4105556,30.0763889
kugihembe,-2.4644444,29.5919444
kumana,-1.8388889,30.4138889
kurukara,-2.6419444,29.6538889
kwibanda,-1.7688889,30.2336111
leberu,-2.2,30.1
lugarama,-1.0822222,30.4372222
lugarama,-2.3269444,30.6125
lugera,-2.8,29.4
luhonge,-2.5166667,29.3166667
lusitare,-2.4236111,29.7752778
luvulu,-2.7691667,29.4552778
mabanza,-2.0541667,29.4166667
maraba,-2.515,29.6797222
masaka,-1.9955556,30.1916667
masango,-2.2294444,29.65
masogwe,-1.6,29.9666667
mayaga,-2.1,29.9833333
mbogo,-1.7422222,30.4416667
mbogo,-1.7644444,29.97
mont kigali,-1.9638889,30.0383333
mont mugusa,-2.5002778,29.8491667
mont murama,-1.3327778,30.3213889
mont murambi,-1.4,30.1
mont muyumbu,-1.3711111,30.1583333
mont mwulire,-2.5333333,29.75
mont ndoma,-1.1719444,30.395
mont neke,-1.5666667,30.2166667
mont nyakisu,-2.7344444,29.6402778
mont nyamisangi,-1.1166667,30.3833333
mont nyamiyaga,-1.6666667,30.1333333
mont nyangara,-1.4166667,30.15
mont nyaruwanga,-1.2666667,30.3833333
mont nzega,-2.4833333,29.5666667
mont rubona,-1.55,29.8833333
mont ruhanga,-1.75,29.9166667
mont rutoma,-1.4333333,30.3166667
mont shololo,-2.75,29.5
mont shori,-2.65,29.7166667
mubuga,-2.6875,29.5586111
mudasomwa,-2.5172222,29.4827778
mugambazi,-1.7863889,30.0480556
muganza,-2.6694444,29.8472222
mugesera,-2.1288889,30.4158333
mugina,-2.1027778,29.9525
muhambo,-1.4436111,30.1686111
muhazi,-1.9019444,30.4113889
muhorora,-1.5666667,29.7
mukingi,-2.16,29.7288889
mukingo,-1.5369444,29.5633333
muko,-2.3602778,29.4441667
mukuyu,-1.7825,30.2180556
mulamoi,-1.7402778,30.3919444
mulindi,-1.4863889,30.0363889
murama,-2.2686111,29.7041667
murambi,-1.8133333,30.0444444
murubaya,-1.4733333,29.9916667
musambila,-2.045,29.8419444
musasa,-1.8002778,29.8394444
musave,-1.9133333,30.1725
musebeya,-2.4133333,29.4455556
musezero,-1.9236111,30.0691667
mushubati,-2.0588889,29.7275
mutura,-1.5988889,29.3822222
muture,-1.4802778,30.0241667
muyaga,-2.4647222,29.9233333
muyumbu,-1.9738889,30.255
mwendo,-2.1855556,29.5119444
mweru,-1.4058333,29.7369444
ndiza,-1.8777778,29.7530556
ndora,-2.6033333,29.8336111
ndusu,-1.6975,29.6705556
ngando,-1.5847222,29.4125
ngenda,-2.305,30.0494444
nguba,-1.8561111,30.1122222
nkamba,-1.4536111,30.09
nkana,-1.4,30.12
nkuli,-1.5919444,29.5263889
nkumba,-1.4405556,29.7094444
nshili,-2.7516667,29.4925
ntogwe,-2.2225,29.8594444
ntyazo,-2.4294444,29.8830556
nyabikenke,-1.8947222,29.7525
nyabisindu,-1.8297222,30.3838889
nyabisindu,-2.3580556,29.7386111
nyacyonga,-1.8641667,30.0866667
nyagatare,-1.2983333,30.3219444
nyagatugunda,-1.7977778,30.1752778
nyakabanda,-1.8402778,29.6869444
nyakabungo,-1.8980556,30.2325
nyakesha,-1.4386111,30.0011111
nyakibande,-1.8011111,30.0355556
nyakinama,-1.5727778,29.6416667
nyamabuye,-2.0680556,29.7661111
nyamabuye,-1.9372222,30.0361111
nyamagabe,-2.4591667,29.5647222
nyamengo,-1.6152778,30.315
nyamigogo,-1.4075,29.6816667
nyamugali,-1.9252778,30.0444444
nyamugali,-1.5711111,29.8702778
nyamutera,-1.6208333,29.6316667
nyange,-1.4822222,30.0691667
nyarubuye,-1.8844444,30.3730556
nyarugali,-1.9236111,30.4008333
nyarutovu,-1.6455556,29.7708333
nyaruvumu,-1.6036111,30.08
nyundo,-1.6963889,30.0269444
ramba,-1.8736111,29.5425
rugarama,-1.5741667,29.3525
rugarama,-1.7983333,30.29
rugende,-1.9511111,30.2422222
rugendo,-2.2022222,30.2833333
ruharabuge,-1.9641667,30.0175
ruhashya,-2.4725,29.7311111
ruhondo,-1.5291667,29.7244444
rukara,-1.7986111,30.5005556
rukira,-2.1533333,30.6113889
rukomo,-1.3361111,30.2708333
rukoro,-1.5666667,29.6333333
runda,-1.9705556,29.9544444
runyinya,-2.6422222,29.6075
rusororo,-1.9738889,30.2230556
rusumo,-2.2730556,30.7091667
rutobwe,-1.9863889,29.7952778
rutonde,-1.9613889,30.4377778
rutongo,-1.8616667,30.0383333
rutsiro,-1.96,29.3894444
ruwiri,-1.8136111,29.4925
rwamagana,-1.9525,30.4377778
rwamatamu,-2.1955556,29.2413889
rwamiko,-2.5916667,29.5005556
rwarenga,-1.7333333,30.3369444
rwasama,-1.5872222,30.0744444
rwasama,-1.7397222,30.3033333
rwempasha,-1.2125,30.2986111
rwenjara,-1.3930556,30.5136111
rwerere,-1.6075,29.3311111
rwimitereri,-1.8166667,30.3472222
rwinkwavu,-1.9591667,30.6147222
sake,-2.2105556,30.3747222
satinsyi,-1.8113889,29.6280556
shangasha,-1.5272222,30.0708333
shango,-1.8505556,30.1338889
sha,-1.8305556,30.105
shonga,-1.32,30.1791667
tabagwe,-1.2858333,30.2066667
taba,-1.9463889,29.8988889
tandalukara,-1.55,29.8666667
tare,-1.7155556,29.9144444
umwige,-1.8405556,30.4841667
